id,name,isFemale,photo_url,introduction,birth_date
1,Tim Robbins,0,https://m.media-amazon.com/images/M/MV5BMTI1OTYxNzAxOF5BMl5BanBnXkFtZTYwNTE5ODI4._V1_.jpg,"
Born in West Covina, California, but raised in New York City, Tim Robbins is the son of former ",1958-10-16
2,Morgan Freeman,0,https://m.media-amazon.com/images/M/MV5BMTc0MDMyMzI2OF5BMl5BanBnXkFtZTcwMzM2OTk1MQ@@._V1_.jpg,"
With an authoritative voice and calm demeanor, this ever popular American actor has grown into one of the most respected figures in modern US cinema. Morgan was born on June 1, 1937 in Memphis, Tennessee, to Mayme Edna (Revere), a teacher, and Morgan Porterfield Freeman, a barber. The young Freeman attended Los Angeles City College before serving ...            ",1937-6-1
3,Bob Gunton,0,https://m.media-amazon.com/images/M/MV5BMjUyZDQ0NjktZmM5ZS00NzcxLTliMWYtNWUxNDcyMmExZjU0XkEyXkFqcGdeQXVyMTE1MjA4NzM@._V1_.jpg,"
Bob Gunton is an American actor, primarily known for portraying strict and authoritarian characters in popular films. His better known roles include Chief George Earle in ""Demolition Man"" (1993), Prison Warden Samuel Norton in ""The Shawshank Redemption"" (1994), medical school dean Dr. Walcott in ""Patch Adams"" (1998), and politician Cyrus Vance in ...            ",1945-11-15
4,William Sadler,0,https://m.media-amazon.com/images/M/MV5BMTA1NjU3NDg1MTheQTJeQWpwZ15BbWU2MDI4OTcxMw@@._V1_.jpg,"
William Thomas Sadler was born on April 13, 1950 in Buffalo, New York, to Jane and William Sadler. He began his acting career in New York theaters, appearing in more than 75 productions over the course of 12 years. His roles included that of Sgt. Merwin J. Toomey in ",1950-4-13
5,Clancy Brown,0,https://m.media-amazon.com/images/M/MV5BMTUxODY3NjAzMF5BMl5BanBnXkFtZTcwMTQ5MjYwNg@@._V1_.jpg,"
A tall, wavy-haired US actor with a deep, resonant voice, Clancy Brown has proven himself a versatile performer with first-class contributions to theatre, feature films, television series and even animation. Clarence J. Brown III was born in 1959 in Urbana, Ohio, to Joyce Helen (Eldridge), a concert pianist, conductor, and composer, and Clarence J....            ",1959-1-5
6,Gil Bellows,0,https://m.media-amazon.com/images/M/MV5BMTgxMzc0MDAzNV5BMl5BanBnXkFtZTgwMzUzMTI0MzE@._V1_.jpg,"
Gil Bellows was born on June 28, 1967 in Vancouver, British Columbia, Canada. He is an actor and producer, known for ",1967-6-28
7,Mark Rolston,0,https://m.media-amazon.com/images/M/MV5BODE5NDRlZTctMjkzNC00NGY3LThhYTItNzUxZjgzYzFmMjQxXkEyXkFqcGdeQXVyNjUxMjc1OTM@._V1_.jpg,"
Mark knew he wanted to be an actor at age nine; he took his career and studies to Europe to fulfill his dream. Once there, he was asked by five major acting schools to join them. He chose the Drama Centre London, where he studied for five years. Mark then beat out 2,000 others for an important position in the Theatre Communications Group National ...            ",1956-12-7
8,James Whitmore,0,https://m.media-amazon.com/images/M/MV5BMTg5MzkxMTkxOV5BMl5BanBnXkFtZTcwNTEzNTgxMw@@._V1_.jpg,"
Born on October 1, 1921, in White Plains, New York, gruff veteran character actor James Whitmore earned early and widespread respect with his award-winning dramatic capabilities on Broadway and in films. He would later conquer TV with the same trophy-winning results. The son of James Allen Whitmore and Florence Crane, he was educated at ...            ",1921-10-1
9,Jeffrey DeMunn,0,https://m.media-amazon.com/images/M/MV5BMTQ0Mjc3NDA1OV5BMl5BanBnXkFtZTcwMTg3MDEyOA@@._V1_.jpg,"
",1947-4-25
10,Larry Brandenburg,0,https://m.media-amazon.com/images/M/MV5BMjI0Mzc0MzY5Ml5BMl5BanBnXkFtZTcwNDA1NTU4Nw@@._V1_.jpg,"
Larry Brandenburg was born on May 3, 1948 in Wabasha, Minnesota, USA. He is an actor, known for ",1948-5-3
11,Neil Giuntoli,0,https://m.media-amazon.com/images/M/MV5BMjI0OTUxNjIyNF5BMl5BanBnXkFtZTcwNDE0MDcwOA@@._V1_.jpg,"
Neil Giuntoli was born on December 20, 1959 in Chicago, Illinois, USA. He is an actor, known for ",1959-12-20
12,Brian Libby,0,https://m.media-amazon.com/images/M/MV5BMjI2NDYwNzU0NV5BMl5BanBnXkFtZTcwMjYwMTcwOA@@._V1_.jpg,"
Brian Libby was born on April 20, 1949. He was an actor, known for ",1949-4-20
13,David Proval,0,https://m.media-amazon.com/images/M/MV5BMjE0MTU0NjU3Nl5BMl5BanBnXkFtZTYwNTgzNjY0._V1_.jpg,"
David Proval launched his acting career with a starring role in ",1942-5-20
14,Joseph Ragno,0,https://m.media-amazon.com/images/M/MV5BMTQyNzMyNTUwNV5BMl5BanBnXkFtZTcwNjQ2MTcwOA@@._V1_.jpg,"
Joseph Ragno was born on March 11, 1936 in Brooklyn, New York, USA. He is an actor, known for ",1936-3-11
15,Jude Ciccolella,0,https://m.media-amazon.com/images/M/MV5BMjZmOTU1ZDktNDdkZi00YjkxLWFiODYtMjUzZWVhYmFiYjIxXkEyXkFqcGdeQXVyMTI3MzAzOTM@._V1_.jpg,"
Jude was born in Burlington Vermont on March 11th, 1947. He spent his first three years in Middlebury Vermont where his father coached Football, Basketball and Baseball at Middlebury College. He then moved to Albany, New York, his hometown, where he would spend his formative years. After grade school at St. Catherine of Siena, He graduated from ...            ",1947-3-11
16,Paul McCrane,0,https://m.media-amazon.com/images/M/MV5BMTI2Mjc1NzExN15BMl5BanBnXkFtZTYwNjUzMzQz._V1_.jpg,"
Paul McCrane was born on January 19, 1961 in Philadelphia, Pennsylvania, USA. He is an actor and director, known for ",1961-1-19
17,Marlon Brando,0,https://m.media-amazon.com/images/M/MV5BMTg3MDYyMDE5OF5BMl5BanBnXkFtZTcwNjgyNTEzNA@@._V1_.jpg,"
Marlon Brando is widely considered the greatest movie actor of all time, rivaled only by the more theatrically oriented ",1924-4-3
18,Al Pacino,0,https://m.media-amazon.com/images/M/MV5BMTQzMzg1ODAyNl5BMl5BanBnXkFtZTYwMjAxODQ1._V1_.jpg,"
Alfredo James ""Al"" 'Pacino established himself as a film actor during one of cinema's most vibrant decades, the 1970s, and has become an enduring and iconic figure in the world of American movies. He was born April 25, 1940 in Manhattan, New York City, to Italian-American parents, Rose (nee Gerardi) and ",1940-4-25
19,James Caan,0,https://m.media-amazon.com/images/M/MV5BMTI5NjkyNDQ3NV5BMl5BanBnXkFtZTcwNjY5NTQ0Mw@@._V1_.jpg,"
A masculine and enigmatic actor whose life and movie career have had more ups and downs than the average rollercoaster and whose selection of roles has arguably derailed him from achieving true superstar status, James Caan is New York-born and bred. He was born in the Bronx, to Sophie (Falkenstein) and Arthur Caan, Jewish immigrants from Germany. ...            ",1940-3-26
20,Diane Keaton,1,https://m.media-amazon.com/images/M/MV5BMTY5NDI5OTEyOF5BMl5BanBnXkFtZTgwMzU4NDI1NzM@._V1_.jpg,"
Diane Keaton was born Diane Hall in Los Angeles, California, to Dorothy Deanne (Keaton), an amateur photographer, and John Newton Ignatius ""Jack"" Hall, a civil engineer and real estate broker. She studied Drama at Santa Ana College, before dropping out in favor of the Neighborhood Playhouse in New York. After appearing in summer stock for several ...            ",1946-1-5
21,Richard S. Castellano,0,https://m.media-amazon.com/images/M/MV5BMjI2MzA3MjQ5N15BMl5BanBnXkFtZTcwMzY5NDYwOA@@._V1_.jpg,"
Bronx born, stocky Italian-American actor who only appeared in a handful of films, yet earned some degree of immortality for his role as the loyal Corleone capo ""Peter Clemenza"" teaching ",1933-9-4
22,Robert Duvall,0,https://m.media-amazon.com/images/M/MV5BMjk1MjA2Mjc2MF5BMl5BanBnXkFtZTcwOTE4MTUwMg@@._V1_.jpg,"
Veteran actor and director Robert Selden Duvall was born on January 5, 1931, in San Diego, CA, to Mildred Virginia (Hart), an amateur actress, and William Howard Duvall, a career military officer who later became an admiral. Duvall majored in drama at Principia College (Elsah, IL), then served a two-year hitch in the army after graduating in 1953....            ",1931-1-5
23,Sterling Hayden,0,https://m.media-amazon.com/images/M/MV5BMjE0MTk1NjkzN15BMl5BanBnXkFtZTcwMzA1MjE1Mg@@._V1_.jpg,"
Born to George & Frances Simonson Walter, and named Sterling Relyea Walter. Father died in 1925. Adopted by stepfather 'James Hayden' renamed Sterling Walter Hayden. Grew up in New Hampshire, Massachusetts, Pennsylvania, Washington D.C., and Maine. Though very poor, attended prep school at Wassookeag School in Dexter, Maine. Ran away to sea at 17,...            ",1916-3-26
24,John Marley,0,https://m.media-amazon.com/images/M/MV5BMjk0NjY1MjAyMl5BMl5BanBnXkFtZTcwNzY5NDYwOA@@._V1_.jpg,"
Veteran character actor John Marley was one of those familiar but nameless faces that television and filmgoers did not take a shine to until the late 1960s, when he had already hit middle age. Quite distinctive with his dour, craggy face, dark bushy brows and upswept silvery hair, John started life in Harlem, Manhattan, New York as Mortimer ...            ",1907-10-17
25,Richard Conte,0,https://m.media-amazon.com/images/M/MV5BNzE0MzU0MzY3OF5BMl5BanBnXkFtZTcwMjE2MjYwOA@@._V1_.jpg,"
Richard Conte was born Nicholas Richard Conte on March 24, 1910, in Jersey City, New Jersey, the son of an Italian-American barber. He held a variety of jobs before becoming a professional actor, including truck driver, Wall Street clerk and singing waiter at a Connecticut resort. The gig as a singing waiter led to theatrical work in New York, ...            ",1910-3-24
26,Al Lettieri,0,https://m.media-amazon.com/images/M/MV5BOWUxYTJkY2MtYmZmZi00ZjBmLWJmM2ItMmU3YWI2YzBhZDUwXkEyXkFqcGdeQXVyNjUxMjc1OTM@._V1_.jpg,"
Menacing looking Italian American actor who developed into the quintessential on-screen hoodlum via several strong roles in key crime films of the early 1970s. Lettieri played the villain against some of Hollywood's biggest screen names including chasing ",1928-2-24
27,Abe Vigoda,0,https://m.media-amazon.com/images/M/MV5BMjE1MDk5NzMyN15BMl5BanBnXkFtZTYwMjA4Mjg1._V1_.jpg,"
Tall, dour-faced and slouch-shouldered character actor Abe Vigoda proved himself in both gritty dramatic roles, and as an actor with wonderful comedic timing. Vigoda was born in Brooklyn, New York, to Lena (Moses) and Samuel Vigoda, a tailor -- both Russian Jewish immigrants. His father was a tailor on the Lower East Side. He made his first stage ...            ",1921-2-24
28,Talia Shire,1,https://m.media-amazon.com/images/M/MV5BMTkwMzc0NjQzNV5BMl5BanBnXkFtZTYwNzM0NTk3._V1_.jpg,"
Talia Shire was born on April 25, 1946 in Lake Success, Long Island, New York, USA. She is an actress and producer, known for ",1946-4-25
29,Gianni Russo,0,https://m.media-amazon.com/images/M/MV5BNTgyMTgxODM4MV5BMl5BanBnXkFtZTcwNDg5NDYwOA@@._V1_.jpg,"
With a singularly nebulous background, which, by his account, included stints as a Las Vegas nightclub emcee, radio personality and jewelry tycoon, and with comparatively little acting experience, Gianni Russo won the role of Carlo Rizzi in ",1943-12-12
30,John Cazale,0,https://m.media-amazon.com/images/M/MV5BMTUzMTM1MjI5NV5BMl5BanBnXkFtZTcwMTM5NTM1Mw@@._V1_.jpg,"
John Cazale was born in Boston, Massachusetts, to an Irish-American mother, Cecilia (Holland), and an Italian-American father, John Cazale. Cazale only made five feature films in his career, all which many fans and critics alike call classics. But before his film debut, the short ",1935-8-12
31,Rudy Bond,0,https://m.media-amazon.com/images/M/MV5BNWY2ZGQxMDctNWUyYS00NzYyLTk0MjMtZWY4MWY2YzQ1ZGRiXkEyXkFqcGdeQXVyNjUwNzk3NDc@._V1_.jpg,"
Rudolph Bond was raised in Philadelphia. He got his start at the Neighborhood Players. After World War II, he was invited by Elia Kazan to be a student at the famed ""Actors Studio"" in New York, working with such future stars as Paul Newman, James Dean, and Marlon Brando. His first big break was a role in the stage production of ""A Streetcar Named ...            ",1912-10-1
32,Al Martino,0,https://m.media-amazon.com/images/M/MV5BMjMyMDk4MzYyMl5BMl5BanBnXkFtZTcwNzg5NDYwOA@@._V1_.jpg,"
Al Martino was born on October 7, 1927 in Philadelphia, Pennsylvania, USA. He was an actor, known for ",1927-10-7
33,Morgana King,1,https://m.media-amazon.com/images/M/MV5BODg5OTAxNDQzMl5BMl5BanBnXkFtZTgwOTM3ODIxNjM@._V1_.jpg,"
Morgana King was born on June 4, 1930 in Pleasantville, New York, USA. She was an actress, known for ",1930-6-4
34,Lenny Montana,0,https://m.media-amazon.com/images/M/MV5BNDAxZmVhMmUtNWU3My00NGFjLWEzMWQtZjU5YWVmYjIxYTk5XkEyXkFqcGdeQXVyNjUwNzk3NDc@._V1_.jpg,"
Tall and solidly built, this Italian-American professional wrestler turned actor was born Lenny Passaforo in Brooklyn, New York, and is best remembered for his first on-screen role as the not too bright but ever loyal bodyguard Luca Brasi in ",1926-3-13
35,Christian Bale,0,https://m.media-amazon.com/images/M/MV5BMTkxMzk4MjQ4MF5BMl5BanBnXkFtZTcwMzExODQxOA@@._V1_.jpg,"
Christian Charles Philip Bale was born in Pembrokeshire, Wales, UK on January 30, 1974, to English parents Jennifer ""Jenny"" (James) and ",1974-1-30
36,Heath Ledger,0,https://m.media-amazon.com/images/M/MV5BMTI2NTY0NzA4MF5BMl5BanBnXkFtZTYwMjE1MDE0._V1_.jpg,"
When hunky, twenty-year-old heart-throb Heath Ledger first came to the attention of the public in 1999, it was all too easy to tag him as a ""pretty boy"" and an actor of little depth. He spent several years trying desperately to sway this image, but this was a double-edged sword. His work comprised nineteen films, including ",1979-4-4
37,Aaron Eckhart,0,https://m.media-amazon.com/images/M/MV5BMTc4MTAyNzMzNF5BMl5BanBnXkFtZTcwMzQ5MzQzMg@@._V1_.jpg,"
Aaron Eckhart was born on March 12, 1968 in Cupertino, California, USA. He is an actor and producer, known for ",1968-3-12
38,Michael Caine,0,https://m.media-amazon.com/images/M/MV5BMjAwNzIwNTQ4Ml5BMl5BanBnXkFtZTYwMzE1MTUz._V1_.jpg,"
Michael Caine was born Maurice Joseph Micklewhite in London, to Ellen Frances Marie (Burchell), a charlady, and Maurice Joseph Micklewhite, a fish-market porter. He left school at age 15 and took a series of working-class jobs before joining the British army and serving in Korea during the Korean War, where he saw combat. Upon his return to ...            ",1933-3-14
39,Maggie Gyllenhaal,1,https://m.media-amazon.com/images/M/MV5BMTM1MjY3NzA4NF5BMl5BanBnXkFtZTcwNzE4MjMyMw@@._V1_.jpg,"
Academy Award-nominated actress Maggie Gyllenhaal was born on November 16, 1977, on the Lower East Side of Manhattan in New York City. Her parents, ",1977-11-16
40,Gary Oldman,0,https://m.media-amazon.com/images/M/MV5BMTc3NTM4MzQ5MV5BMl5BanBnXkFtZTcwOTE4MDczNw@@._V1_.jpg,"
Gary Oldman is a talented English movie star and character actor, renowned for his expressive acting style. One of the most celebrated thespians of his generation, with a diverse career encompassing theatre, film and television, he is known for his roles as ",1958-3-21
41,Monique Gabriela Curnen,1,https://m.media-amazon.com/images/M/MV5BOGUzODlhNDEtYzFiMS00YjIyLWFkYjItOGVjYWZhN2Q2MDkxXkEyXkFqcGdeQXVyMTI4MzU0Mg@@._V1_.jpg,"
Monique Gabriela Curnen is an American actress who has worked in theater, film and television. She grew up in Massachusetts. Both parents were educators and encouraged creativity in the home. Monique took an interest in acting after watching her older brother perform in a school orchestra, and soon began performing in school plays. After graduating...            ",1970-9-7
42,Ron Dean,0,https://m.media-amazon.com/images/M/MV5BMTM5MTc5MjE3OF5BMl5BanBnXkFtZTcwNzg1MjQyOA@@._V1_.jpg,"
Ron Dean is a character actor with over thirty years of film and television roles to his credit. This multi-talented actor, with a ""tough guy"" demeanor, has masterfully played nasty villains to hard, authoritative individuals (often as cops and military officials). Ron Dean has played in several notable films with many of Hollywood's biggest names...            ",1938-8-15
43,Cillian Murphy,0,https://m.media-amazon.com/images/M/MV5BMTUzMjg1NzIyOV5BMl5BanBnXkFtZTYwMzg2Mjgy._V1_.jpg,"
Striking Irish actor Cillian Murphy was born in Douglas, the oldest child of Brendan Murphy, who works for the Irish Department of Education, and a mother who is a teacher of French. He has three younger siblings. Murphy was educated at Presentation Brothers College, Cork. He went on to study law at University College Cork, but dropped out after ...            ",1976-5-25
44,Chin Han,0,https://m.media-amazon.com/images/M/MV5BNDA5NDc1NTAwNV5BMl5BanBnXkFtZTgwNDA4Mjk5MjE@._V1_.jpg,"
Named one of Asia's 25 greatest actors of all-time by CNNGo (a division of CNN) alongside stars like Japan's Toshiro Mifune and India's Amitabh Bachchan and nominated for Variety's Asian Star of the Year Award in 2013, Chin Han's 20 year career has spanned many international theater, television and film projects. He has also been invited to join ...            ",1969-11-27
45,Nestor Carbonell,0,https://m.media-amazon.com/images/M/MV5BMjg5NGIwZDMtNTkwMy00MjVlLWI4OWUtNWEzYWY2NmRkNGVlXkEyXkFqcGdeQXVyMTk3MzM4NDU@._V1_.jpg,"
He is most often recognized for his integral role in the series ""Lost"" as Richard Alpert, as well as his turn as Mayor Anthony Garcia opposite Gary Oldman in Christopher Nolan's ""The Dark Knight"". He reprised his role as the Mayor in the box-office hit ""The Dark Knight Rises"". Nestor can be seen starring in Universal's ""Bates Motel"" (2013-2017) as ...            ",1967-12-1
46,Eric Roberts,0,https://m.media-amazon.com/images/M/MV5BMTQ2MTk3OTgwM15BMl5BanBnXkFtZTcwODE1OTIwMw@@._V1_.jpg,"
Roberts is an Academy Award nominee for his role in Runaway Train, and a three-time Golden Globe nominee for Runaway Train, Star 80, and King of the Gypsies. In addition, Roberts received acclaim at the Sundance Film Festival for his role in A Guide to Recognizing Your Saints and It's My Party. He also starred in La Cucaracha, which won Best Film ...            ",1956-4-18
47,Ritchie Coster,0,https://m.media-amazon.com/images/M/MV5BMTMxMjE2MTU5M15BMl5BanBnXkFtZTYwNTM2ODM0._V1_.jpg,"
Ritchie Coster was born on July 1, 1967 in London, England. He is an actor, known for ",1967-7-1
48,Anthony Michael Hall,0,https://m.media-amazon.com/images/M/MV5BOTdhZmJlMmUtZjdhYi00MDVjLWFhZmMtNTY4MDU5OWIyMTU5XkEyXkFqcGdeQXVyODUwMjgxNDU@._V1_.jpg,"
Anthony Michael Hall was born in West Roxbury, Massachusetts. His parents are ",1968-4-14
49,Keith Szarabajka,0,https://m.media-amazon.com/images/M/MV5BODlkNjRlODYtMzNkNi00YzdmLTlmMGItNzUxNGI0MTgyZTAyXkEyXkFqcGdeQXVyMjQwMDg0Ng@@._V1_.jpg,"
Keith Szarabajka was born on December 2, 1952 in Oak Park, Illinois, USA. He is an actor and writer, known for ",1952-12-2
50,Colin McFarlane,0,https://m.media-amazon.com/images/M/MV5BMTIzNDI4NzQzMF5BMl5BanBnXkFtZTYwMDQyNDcy._V1_.jpg,"
Colin McFarlane was born on September 15, 1961 in Clapton, London, England. He is known for ",1961-9-15
51,Joshua Harto,0,https://m.media-amazon.com/images/M/MV5BYjVlMDk3MTMtMDc0Ni00ZmQxLTg1MWQtYTUzYWNhMWU2NjdjXkEyXkFqcGdeQXVyMjQwMDg0Ng@@._V1_.jpg,"
Joshua Harto was born on January 9, 1979 in Huntington, West Virginia, USA. He is an actor and writer, known for ",1979-1-9
52,Robert De Niro,0,https://m.media-amazon.com/images/M/MV5BMjAwNDU3MzcyOV5BMl5BanBnXkFtZTcwMjc0MTIxMw@@._V1_.jpg,"
One of the greatest actors of all time, Robert De Niro was born on August 17, 1943 in Manhattan, New York City, to artists Virginia (Admiral) and ",1943-8-17
53,Lee Strasberg,0,https://m.media-amazon.com/images/M/MV5BNTkzNDM2OTA4N15BMl5BanBnXkFtZTcwMDg2MzY2OQ@@._V1_.jpg,"
Famed acting teacher Lee Strasberg was born Israel Strassberg in Budzanov, Austria-Hungary (now Budanov, Ukraine). Brought to America as a child, he had a brief acting career, before becoming one of the founders of the Group Theatre in 1931, directing a number of plays there. His greatest influence, however, was through the Actors Studio, where he ...            ",1901-11-17
54,Michael V. Gazzo,0,https://m.media-amazon.com/images/M/MV5BMTY0NTkwNDYxNl5BMl5BanBnXkFtZTcwMDc1ODcwOA@@._V1_.jpg,"
Michael Vincente Gazzo was born in Hillside, New Jersey, on April 5, 1923. He attended ",1923-4-5
55,G.D. Spradlin,0,https://m.media-amazon.com/images/M/MV5BMTY2NjM5ODQyMF5BMl5BanBnXkFtZTcwNjgzOTIxNg@@._V1_.jpg,"
G.D. Spradlin was born on August 31, 1920 in Pauls Valley, Oklahoma, USA. He was an actor and director, known for ",1920-8-31
56,Richard Bright,0,https://m.media-amazon.com/images/M/MV5BODZmNzZhMTgtMDdhMC00YzRhLWJlYzQtZWI0OGQ4YzI1ZDA3XkEyXkFqcGdeQXVyMjUyNDk2ODc@._V1_.jpg,"
Fair complexioned, cold-eyed actor Richard Bright notched up an impressive array of character performances of often shifty, or deadly characters on the wrong side of the law. He first came to attention as a burglar in the engrossing ",1937-6-28
57,Gastone Moschin,0,https://m.media-amazon.com/images/M/MV5BOWI2ZmEyNWUtYTliZi00NTVmLTg3ZTEtNzY4Mzc3ZTZmNWM5XkEyXkFqcGdeQXVyMjUyNDk2ODc@._V1_.jpg,"
Gastone Moschin was born on June 8, 1929 in San Giovanni Lupatoto, Veneto, Italy. He is known for ",1929-6-8
58,Tom Rosqui,0,https://m.media-amazon.com/images/M/MV5BOTdkMTJmNjktZjE3NS00NjJlLTk3NTEtMGQyOGQ2ZjU1ZTliXkEyXkFqcGdeQXVyMTcyODY2NDQ@._V1_.jpg,"
American character actor with extensive stage experience. Born in Oakland, California, he appeared on Broadway in ""Sticks and Bones,"" and ""The Price,"" among others. He acted often in television, but his most prominent role was as Corleone family bodyguard Rocco Lampone in the first two 'Godfather' movies. Following a long bout with cancer, he died...            ",1928-6-12
59,Bruno Kirby,0,https://m.media-amazon.com/images/M/MV5BMTI4NTQ4NTU0OV5BMl5BanBnXkFtZTcwNTA2MDAxMw@@._V1_.jpg,"
Native New Yorker and Italianate Bruno Kirby tended towards assertive, pushy, streetwise characters and was armed with a highly distinctive scratchy tenor voice that complemented his slim eyes and droopy puss and accentuated his deadpan comedic instincts on film and TV. The well-regarded character actor was born Bruno Giovanni Quidaciolu on April ...            ",1949-4-28
60,Frank Sivero,0,https://m.media-amazon.com/images/M/MV5BMTkzNDQxMTcxMF5BMl5BanBnXkFtZTcwNTU0NDgyMQ@@._V1_.jpg,"
Frank Sivero (born January 6, 1952) is an American character actor, perhaps best known for playing the roles of Genco Abbandando in Mario Puzo's and Francis Ford Coppola's The Godfather Part II and Frankie Carbone (based on Angelo Sepe) in Martin Scorsese's Goodfellas. Sivero was born Francesco LoGiudice in Siculiana, Sicily, Italy, and raised in ...            ",1952-1-6
61,Francesca De Sapio,1,https://m.media-amazon.com/images/M/MV5BZWMxZjYxOGUtOTEzMi00OTJlLThlMTQtNGMxMzU5NjcxOGRkXkEyXkFqcGdeQXVyNjA2MDUzNTI@._V1_.jpg,"
Born in Rome, Italy. After completing her undergraduate studies in 1965, she moved to United States. Became a member of the Actor's Studio in 1969. Began her movie career and worked with ",1945-8-16
62,Marianna Hill,1,https://m.media-amazon.com/images/M/MV5BMjE4MTc3NTEzOF5BMl5BanBnXkFtZTcwMzIzMDU4Mg@@._V1_.jpg,"
A familiar character actress, Mariana Hill is the daughter of a building contractor. From her native southern California, her family moved around quite a bit, including to Canada, Spain and Great Britain. As a result, she became familiar with different accents and dialects, whether a French accent (for a guest appearance on ",1942-2-9
63,Leopoldo Trieste,0,https://m.media-amazon.com/images/M/MV5BNmNkOTc4ZmUtZjI3NC00MmI2LWI1N2EtY2MwN2QxZmNkMmUxXkEyXkFqcGdeQXVyMjUyNDk2ODc@._V1_.jpg,"
Leopoldo Trieste was born on May 3, 1917 in Reggio Calabria, Calabria, Italy. He was an actor and writer, known for ",1917-5-3
64,Henry Fonda,0,https://m.media-amazon.com/images/M/MV5BOTEwNjQ2ODQ4Nl5BMl5BanBnXkFtZTYwMzEwMTM2._V1_.jpg,"
Born in Grand Island, Nebraska, Henry Fonda started his acting debut with the Omaha Community Playhouse, a local amateur theater troupe directed by Dorothy Brando. He moved to the Cape Cod University Players and later Broadway, New York to expand his theatrical career from 1926 to 1934. His first major roles in Broadway include ""New Faces of ...            ",1905-5-16
65,Lee J. Cobb,0,https://m.media-amazon.com/images/M/MV5BNDc3MTM0MDQyMF5BMl5BanBnXkFtZTYwMTczMTg2._V1_.jpg,"
Lee J. Cobb, one of the premier character actors in American film for three decades in the post-World War II period, was born Leo Jacoby in New York City's Lower East Side on December 8, 1911. The son of a Jewish newspaper editor, young Leo was a child prodigy in music, mastering the violin and the harmonica. Any hopes of a career as a violin ...            ",1911-12-8
66,Martin Balsam,0,https://m.media-amazon.com/images/M/MV5BMTQwOTE4MjMxM15BMl5BanBnXkFtZTcwMDc5MDg5Nw@@._V1_.jpg,"
Martin Henry Balsam was born on November 4, 1919 in the Bronx, New York City, to Lillian (Weinstein) and Albert Balsam, a manufacturer of women's sportswear. He was the first-born child. His father was a Russian Jewish immigrant, and his mother was born in New York, to Russian Jewish parents. Martin caught the acting bug in high school where he ...            ",1919-11-4
67,John Fiedler,0,https://m.media-amazon.com/images/M/MV5BMTc1Njg3NDg1OF5BMl5BanBnXkFtZTcwMjY2MTYxOA@@._V1_.jpg,"
Typical of busy character actors, Fiedler made his face (and voice) recognizable to millions. Many know the bald-pated Fiedler as therapy patient ""Mr. Peterson"" on ",1925-2-3
68,E.G. Marshall,0,https://m.media-amazon.com/images/M/MV5BMTY3Nzg5MTMwOF5BMl5BanBnXkFtZTYwMzk2MTQ2._V1_.jpg,"
With over 150 Film and TV appearances to his credit, E. G. Marshall was arguably most well known as the imperturbable Juror No. 4 in the ",1914-6-18
69,Jack Klugman,0,https://m.media-amazon.com/images/M/MV5BMTkwMDIzOTg0N15BMl5BanBnXkFtZTYwODg0NDE2._V1_.jpg,"
As a film character actor, Klugman was the epitome of the everyman. He was one of the pioneers of television acting in the 1950s, and is best remembered for his 1970s TV work as Oscar Madison on ",1922-4-27
70,Edward Binns,0,https://m.media-amazon.com/images/M/MV5BNzAwODU2Njk2Ml5BMl5BanBnXkFtZTcwMjkxODUxOA@@._V1_.jpg,"
Gravel-voiced, authoritative American character actor, a reliable presence on screen for more than four decades. Edward Thomas Binns was born in Philadelphia, Pennsylvania, to Esther (Bracken) and Edward Thoms Binns. His family were Quakers. He was a graduate of Pennsylvania State University and first learned his trade as an apprentice at the ...            ",1916-9-12
71,Jack Warden,0,https://m.media-amazon.com/images/M/MV5BMTc1Mjk3Njc5MV5BMl5BanBnXkFtZTcwMDk2MzUzMQ@@._V1_.jpg,"
Jack Warden was born John Warden Lebzelter, Jr. on September 18, 1920 in Newark, New Jersey, to Laura M. (Costello) and John Warden Lebzelter. His father was of German and Irish descent, and his mother was of Irish ancestry. Raised in Louisville, Kentucky, at the age of seventeen, young Jack Lebzelter was expelled from Louisville's DuPont Manual ...            ",1920-9-18
72,Ed Begley,0,https://m.media-amazon.com/images/M/MV5BMTQwMTM0Njg2N15BMl5BanBnXkFtZTcwNzgzNzg1MQ@@._V1_.jpg,"
Charismatic character star Edward James Begley was born in Hartford, Connecticut of Irish parents and educated at St.Patrick's school. His interest in acting first surfaced at the age of nine, when he performed amateur theatricals at the Hartford Globe Theatre. Determined to make his own way, he left home aged eleven and drifted from job to job, ...            ",1901-3-25
73,George Voskovec,0,https://m.media-amazon.com/images/M/MV5BMTU1NDcyMjg0M15BMl5BanBnXkFtZTcwMTY2MzAyOA@@._V1_.jpg,"
Czech actor/producer/director/author George Voskovec was born Jirí Wachsmann on June 19, 1905, the son of Jirina Valentina Marie (nee Pinkasová) and Vilem Eduard Voskovec (Wachsmann). His ancestry was Czech, German, and French. Prior to George's birth, the spelling of the family name was Vaksman (Russian). By the time he was born, which was ...            ",1905-6-19
74,Robert Webber,0,https://m.media-amazon.com/images/M/MV5BMTM2MTA3NzYxNl5BMl5BanBnXkFtZTcwMTM0OTUwOA@@._V1_.jpg,"
Over his 40-year career as one of Hollywood's veteran character actors, Robert Webber always marked his spot by playing all types of roles and was not stereotyped into playing just one kind of character. Sometimes he even got to play a leading role (see ",1924-10-14
75,Billy Nelson,0,https://m.media-amazon.com/images/M/MV5BMTA5Mzg0MTQtMzdmNC00NzY0LTk0ZTUtOTY3MjYxNjJiNDhlXkEyXkFqcGdeQXVyMTk2MzI2Ng@@._V1_.jpg,"
Billy Nelson was born on July 19, 1903 in New York, USA. He was an actor, known for ",1903-7-19
