id,name,avatar_url,password
1,carflo,https://m.media-amazon.com/images/M/MV5BMTk0MzY5MjExM15BMl5BanBnXkFtZTcwOTQyNjE3OQ@@._V1_.jpg,R8sCLSVF
2,hitchcockthelegend,https://m.media-amazon.com/images/M/MV5BMjEzMzg4NTU1Ml5BMl5BanBnXkFtZTgwNzAyNjM2MzE@._V1_.jpg,n8X1L
3,kaspen12,https://images-na.ssl-images-amazon.com/images/M/MV5BMjQ4MTY5NzU2M15BMl5BanBnXkFtZTgwNDc5NTgwMTI@._V1_.jpg,3k4SxJAmy
4,alexkolokotronis,https://images-na.ssl-images-amazon.com/images/M/MV5BMjQ4MTY5NzU2M15BMl5BanBnXkFtZTgwNDc5NTgwMTI@._V1_.jpg,madJBJ0g
5,EyeDunno,https://m.media-amazon.com/images/M/MV5BMTYyOTgwNTI5N15BMl5BanBnXkFtZTgwNzk1NzA5NTE@._V1_.jpg,qGHlMhGhv4
6,andrewburgereviews,https://images-na.ssl-images-amazon.com/images/M/MV5BMjQ4MTY5NzU2M15BMl5BanBnXkFtZTgwNDc5NTgwMTI@._V1_.jpg,QHjFp
7,gogoschka-1,https://m.media-amazon.com/images/M/MV5BMTA3MTgxMDE5MzVeQTJeQWpwZ15BbWU4MDQ2OTUxMDEx._V1_.jpg,jMJndo
8,b-a-h TNT-6,https://m.media-amazon.com/images/M/MV5BMTU2OTMzMzY4NV5BMl5BanBnXkFtZTgwMDIyMDA4OTE@._V1_.jpg,RU8MI4
9,MR_Heraclius,https://m.media-amazon.com/images/M/MV5BMTliMmU1MjEtOTVjYy00OGE3LTlhZTUtMDQ1MmRkMmI5MDBlXkEyXkFqcGdeQXVyODc4NTA3MzE@._V1_.jpg,zHfiiRXt
10,Smells_Like_Cheese,https://images-na.ssl-images-amazon.com/images/M/MV5BMjQ4MTY5NzU2M15BMl5BanBnXkFtZTgwNDc5NTgwMTI@._V1_.jpg,SiPtM
11,dseferaj,https://images-na.ssl-images-amazon.com/images/M/MV5BMjQ4MTY5NzU2M15BMl5BanBnXkFtZTgwNDc5NTgwMTI@._V1_.jpg,fjQE3gDl9v
12,filmquestint,https://images-na.ssl-images-amazon.com/images/M/MV5BMjQ4MTY5NzU2M15BMl5BanBnXkFtZTgwNDc5NTgwMTI@._V1_.jpg,dBYgDf6ISS
13,littlemartinarocena,https://images-na.ssl-images-amazon.com/images/M/MV5BMjQ4MTY5NzU2M15BMl5BanBnXkFtZTgwNDc5NTgwMTI@._V1_.jpg,EXAiQRNoJk
14,Nazi_Fighter_David,https://m.media-amazon.com/images/M/MV5BOWFiY2I4ZGQtM2VhNS00NjJiLTljYTgtZDhhYmZjMWZjZTVmXkEyXkFqcGdeQXVyMDE3NjA5Mg@@._V1_.jpg,gkiE1
15,umunir-36959,https://m.media-amazon.com/images/M/MV5BZDJlY2E4MzItYzk2NS00NmZlLTlmNTYtZDE2NzM0OTQ4ZDk0XkEyXkFqcGdeQXVyOTIyNjA2MTQ@._V1_.jpg,PaAcfr9yi
16,MovieAddict2016,https://m.media-amazon.com/images/M/MV5BMTg2Nzk1NTA3OF5BMl5BanBnXkFtZTcwMTcwNzY2OQ@@._V1_.jpg,BtGvFX
17,DanB-4,https://images-na.ssl-images-amazon.com/images/M/MV5BMjQ4MTY5NzU2M15BMl5BanBnXkFtZTgwNDc5NTgwMTI@._V1_.jpg,e7kfAM
18,Marwan-Bob,https://m.media-amazon.com/images/M/MV5BN2E5Y2Y3MzEtNmI4Yy00N2Y0LTk3Y2EtY2MxOWU0MGZlMTdjXkEyXkFqcGdeQXVyNDAxOTExNTM@._V1_.jpg,9A9yp9
19,henriquelrf,https://m.media-amazon.com/images/M/MV5BNDAwYzU2ODktMTRhOC00YjViLWFmNDUtZmIzN2IxZDEzNDMxXkEyXkFqcGdeQXVyOTQ1MjUyNzU@._V1_.jpg,1smWrvM
20,vukodlak,https://images-na.ssl-images-amazon.com/images/M/MV5BMjQ4MTY5NzU2M15BMl5BanBnXkFtZTgwNDc5NTgwMTI@._V1_.jpg,wo3H7
21,juho69,https://images-na.ssl-images-amazon.com/images/M/MV5BMjQ4MTY5NzU2M15BMl5BanBnXkFtZTgwNDc5NTgwMTI@._V1_.jpg,UsKgWWk
22,Fella_shibby,https://m.media-amazon.com/images/M/MV5BZmFlZTI5YmUtZWU1OS00M2IyLWFmZjMtZWFjMjk1MWEyZDQxXkEyXkFqcGdeQXVyMTg5NzA2NTU@._V1_.jpg,LvSqElanA
23,ebiros2,https://images-na.ssl-images-amazon.com/images/M/MV5BMjQ4MTY5NzU2M15BMl5BanBnXkFtZTgwNDc5NTgwMTI@._V1_.jpg,NxutSkRFh
24,SnoopyStyle,https://m.media-amazon.com/images/M/MV5BMTM5MjcyNzg4M15BMl5BanBnXkFtZTgwMjg2NzA4MDE@._V1_.jpg,GiWb4zd
25,TheLittleSongbird,https://m.media-amazon.com/images/M/MV5BYjM4OTZkYzMtNTc3OS00MDA0LTlmOGMtOTJjMDRmOTRhMzkzXkEyXkFqcGdeQXVyMjA1NTI3NTY@._V1_.jpg,9PasJm
26,mark.waltz,https://images-na.ssl-images-amazon.com/images/M/MV5BMjQ4MTY5NzU2M15BMl5BanBnXkFtZTgwNDc5NTgwMTI@._V1_.jpg,xX0hX
27,auuwws,https://m.media-amazon.com/images/M/MV5BYjFmYTVmMWMtYjJjMS00MWQwLTg3YzYtMTY5MDY1OWU0MTkwXkEyXkFqcGdeQXVyMTE4OTc3NjA3._V1_.jpg,Y2uCs5
28,diffguy,https://m.media-amazon.com/images/M/MV5BMjE1ODQxMTY5Nl5BMl5BanBnXkFtZTgwMTUwNjE0NTE@._V1_.jpg,2FcmSkqr
29,OttoVonB,https://m.media-amazon.com/images/M/MV5BMTU5MDUyOTMzM15BMl5BanBnXkFtZTgwMTI0NjA4MDE@._V1_.jpg,EeI4y
30,GuyCC,https://images-na.ssl-images-amazon.com/images/M/MV5BMjQ4MTY5NzU2M15BMl5BanBnXkFtZTgwNDc5NTgwMTI@._V1_.jpg,3HoCUX
31,kylopod,https://images-na.ssl-images-amazon.com/images/M/MV5BMjQ4MTY5NzU2M15BMl5BanBnXkFtZTgwNDc5NTgwMTI@._V1_.jpg,hOlVxu
32,SebMoz,https://m.media-amazon.com/images/M/MV5BZjJhNWE5NWUtOGEzMi00ZjI0LWJkZWUtZDI5MmZjODc3NjZjXkEyXkFqcGdeQXVyMTE4ODE4ODE4._V1_.jpg,w11Nz
33,gautammayya,https://images-na.ssl-images-amazon.com/images/M/MV5BMjQ4MTY5NzU2M15BMl5BanBnXkFtZTgwNDc5NTgwMTI@._V1_.jpg,Sq9XXlL
34,jaaanmerz,https://images-na.ssl-images-amazon.com/images/M/MV5BMjQ4MTY5NzU2M15BMl5BanBnXkFtZTgwNDc5NTgwMTI@._V1_.jpg,mly8DuYzYN
35,Leofwine_draca,https://m.media-amazon.com/images/M/MV5BMjg0NDYzMTM3MF5BMl5BanBnXkFtZTgwNTA0NTcwMDE@._V1_.jpg,bvjaSGhxI2
36,ccthemovieman-1,https://images-na.ssl-images-amazon.com/images/M/MV5BMjQ4MTY5NzU2M15BMl5BanBnXkFtZTgwNDc5NTgwMTI@._V1_.jpg,K3SaR
37,bonnie91,https://images-na.ssl-images-amazon.com/images/M/MV5BMjQ4MTY5NzU2M15BMl5BanBnXkFtZTgwNDc5NTgwMTI@._V1_.jpg,LdJGg2eW
38,NRGWasp,https://images-na.ssl-images-amazon.com/images/M/MV5BMjQ4MTY5NzU2M15BMl5BanBnXkFtZTgwNDc5NTgwMTI@._V1_.jpg,lDUtQqXQwK
39,MadReviewer,https://images-na.ssl-images-amazon.com/images/M/MV5BMjQ4MTY5NzU2M15BMl5BanBnXkFtZTgwNDc5NTgwMTI@._V1_.jpg,pabKpkTLES
40,Quinoa1984,https://m.media-amazon.com/images/M/MV5BNjYyOWJjMWEtNTEyMC00ZDUzLTg5NWItYmM1ZTU4YTNjMjM2XkEyXkFqcGdeQXVyMDQ1MzA2OA@@._V1_.jpg,YnJk6
41,murtaza_mma,https://m.media-amazon.com/images/M/MV5BMTg2MDcxMDIyM15BMl5BanBnXkFtZTcwMzIxNDQ3OQ@@._V1_.jpg,XqDAOAoA
42,spider89119,https://images-na.ssl-images-amazon.com/images/M/MV5BMjQ4MTY5NzU2M15BMl5BanBnXkFtZTgwNDc5NTgwMTI@._V1_.jpg,bTr5zg
43,thomas-hardcastle-2,https://images-na.ssl-images-amazon.com/images/M/MV5BMjQ4MTY5NzU2M15BMl5BanBnXkFtZTgwNDc5NTgwMTI@._V1_.jpg,jPXOL
44,Zonieboy,https://m.media-amazon.com/images/M/MV5BMjMzMjI5NzI2NF5BMl5BanBnXkFtZTcwNTIxMzU2OQ@@._V1_.jpg,wrvnjx5
45,kenhe,https://m.media-amazon.com/images/M/MV5BMTMzOTkxZDYtZDc5Mi00ZjY5LWIxNjktYzNiYmExMmJjM2MwXkEyXkFqcGdeQXVyMjU4Njk3OA@@._V1_.jpg,OLJJ9u4
46,blairgallop7,https://images-na.ssl-images-amazon.com/images/M/MV5BMjQ4MTY5NzU2M15BMl5BanBnXkFtZTgwNDc5NTgwMTI@._V1_.jpg,KwPHS2w
47,Pukeonthestreet,https://images-na.ssl-images-amazon.com/images/M/MV5BMjQ4MTY5NzU2M15BMl5BanBnXkFtZTgwNDc5NTgwMTI@._V1_.jpg,gD4bOH
48,grantss,https://m.media-amazon.com/images/M/MV5BOWRhNzc4MmItM2E1Ny00MTQyLWIzNDMtYTdmMWI5YTRhYzg5XkEyXkFqcGdeQXVyMjg2MDcyMw@@._V1_.jpg,OaJCOVrt
49,ArthvrPendrag0n,https://m.media-amazon.com/images/M/MV5BZTc3NzVkZTYtOWM2Yi00NGFlLWIxOWItZTcxNzM0NmM2NzY3XkEyXkFqcGdeQXVyMTA5NzgwNjIw._V1_.jpg,EHHx9s
50,adrien_ngoc_1701,https://m.media-amazon.com/images/M/MV5BNTExMTU4NWYtNjNmNC00ZjZkLThmZDctNmU1ZTg5ZDQ0MDkwXkEyXkFqcGdeQXVyMzY4ODUxNzU@._V1_.jpg,dR04aHy
51,srcooper-756-646671,https://images-na.ssl-images-amazon.com/images/M/MV5BMjQ4MTY5NzU2M15BMl5BanBnXkFtZTgwNDc5NTgwMTI@._V1_.jpg,vF0Dz
52,mrmocun,https://images-na.ssl-images-amazon.com/images/M/MV5BMjQ4MTY5NzU2M15BMl5BanBnXkFtZTgwNDc5NTgwMTI@._V1_.jpg,I3VACptVx
53,naman-avastol,https://images-na.ssl-images-amazon.com/images/M/MV5BMjQ4MTY5NzU2M15BMl5BanBnXkFtZTgwNDc5NTgwMTI@._V1_.jpg,zmFqFyMVQ
54,D_Burke,https://m.media-amazon.com/images/M/MV5BMTYzMDk4NjQzNV5BMl5BanBnXkFtZTcwMDgxMzg4OQ@@._V1_.jpg,IPhmfYJd
55,Loving_Silence,https://m.media-amazon.com/images/M/MV5BMTkxMTc1NjczMl5BMl5BanBnXkFtZTgwMzgxNTc2ODE@._V1_.jpg,0Fl9cM
56,classicsoncall,https://m.media-amazon.com/images/M/MV5BMDkzZDY1MGEtOGM1Yi00ODY5LWEzMzktZWU2N2U3MWFjYTY2XkEyXkFqcGdeQXVyMjcwNzczNQ@@._V1_.jpg,CrySiP
57,Boba_Fett1138,https://images-na.ssl-images-amazon.com/images/M/MV5BMjQ4MTY5NzU2M15BMl5BanBnXkFtZTgwNDc5NTgwMTI@._V1_.jpg,khY6Mp
58,ivo-cobra8,https://m.media-amazon.com/images/M/MV5BOWFhODI2ZDUtYjBiMC00MDQyLTlkZTEtNmY4YWZkOTIwNDU4XkEyXkFqcGdeQXVyMTUxNDAwNTc@._V1_.jpg,zcKQNe2oBU
59,Spleen,https://m.media-amazon.com/images/M/MV5BMTY0MjE0MTQyM15BMl5BanBnXkFtZTgwNzIzMjM1MDE@._V1_.jpg,KnLZM
60,Anonymous_Maxine,https://images-na.ssl-images-amazon.com/images/M/MV5BMjQ4MTY5NzU2M15BMl5BanBnXkFtZTgwNDc5NTgwMTI@._V1_.jpg,tYJatsyi
61,UniqueParticle,https://m.media-amazon.com/images/M/MV5BZmZhMWU4YmEtOGFjNC00NTI4LTg0NDEtOTA2OTE1NmJiYzExXkEyXkFqcGdeQXVyMzQ4MzYxNzQ@._V1_.jpg,zFukF52Mj
62,TheNorthernMonkee,https://m.media-amazon.com/images/M/MV5BMjMwNTk0OTIzNV5BMl5BanBnXkFtZTgwNzQ2Njk1MDE@._V1_.jpg,ki6nF
63,acedj,https://m.media-amazon.com/images/M/MV5BOTU1NmYwZjgtYThjNi00NmVkLWFiNjQtYmVhMWIyYmJjMmNjXkEyXkFqcGdeQXVyOTY0MTY1NDA@._V1_.jpg,8rfjk
64,suryanmukul,https://m.media-amazon.com/images/M/MV5BOGZlZjAyY2QtYmVmNy00MDJkLTk3YzEtYWM3YzM4Njg3OWRjXkEyXkFqcGdeQXVyMTIxMTQ1OTIw._V1_.jpg,pbaOXi
65,xNecRosex,https://m.media-amazon.com/images/M/MV5BMTgyMDI5Njg2Ml5BMl5BanBnXkFtZTgwNjU1MTM4MzE@._V1_.jpg,8n3iRK5E
66,frankthecat-90704,https://images-na.ssl-images-amazon.com/images/M/MV5BMjQ4MTY5NzU2M15BMl5BanBnXkFtZTgwNDc5NTgwMTI@._V1_.jpg,DEozc4k
67,AlsExGal,https://images-na.ssl-images-amazon.com/images/M/MV5BMjQ4MTY5NzU2M15BMl5BanBnXkFtZTgwNDc5NTgwMTI@._V1_.jpg,qhtVOhtyZ
68,whoisfishmooney,https://images-na.ssl-images-amazon.com/images/M/MV5BMjQ4MTY5NzU2M15BMl5BanBnXkFtZTgwNDc5NTgwMTI@._V1_.jpg,MekPmn
69,pyrocitor,https://images-na.ssl-images-amazon.com/images/M/MV5BMjQ4MTY5NzU2M15BMl5BanBnXkFtZTgwNDc5NTgwMTI@._V1_.jpg,6ca7m
70,Wuchakk,https://m.media-amazon.com/images/M/MV5BNjUxNmJkNmMtZTNmMi00NWYxLTgxMTYtZjA3MmI2NzM2MmY1XkEyXkFqcGdeQXVyNDQwOTI2Ng@@._V1_.jpg,sCv7h
71,TBJCSKCNRRQTreviews,https://m.media-amazon.com/images/M/MV5BMTc0MzgyMDQ2NV5BMl5BanBnXkFtZTgwNDMxMjcyMDI@._V1_.jpg,iYtbo0kbio
72,philip_vanderveken,https://images-na.ssl-images-amazon.com/images/M/MV5BMjQ4MTY5NzU2M15BMl5BanBnXkFtZTgwNDc5NTgwMTI@._V1_.jpg,j54N9FZ
73,perica-43151,https://images-na.ssl-images-amazon.com/images/M/MV5BMjQ4MTY5NzU2M15BMl5BanBnXkFtZTgwNDc5NTgwMTI@._V1_.jpg,RJkJg
74,chvylvr80,https://images-na.ssl-images-amazon.com/images/M/MV5BMjQ4MTY5NzU2M15BMl5BanBnXkFtZTgwNDc5NTgwMTI@._V1_.jpg,ZevBw0xW
75,RedRoadster,https://images-na.ssl-images-amazon.com/images/M/MV5BMjQ4MTY5NzU2M15BMl5BanBnXkFtZTgwNDc5NTgwMTI@._V1_.jpg,wCA6NBu
76,Davor_Blazevic_1959,https://images-na.ssl-images-amazon.com/images/M/MV5BMjQ4MTY5NzU2M15BMl5BanBnXkFtZTgwNDc5NTgwMTI@._V1_.jpg,ebp8s
77,PureCinema,https://images-na.ssl-images-amazon.com/images/M/MV5BMjQ4MTY5NzU2M15BMl5BanBnXkFtZTgwNDc5NTgwMTI@._V1_.jpg,GGHrmxwBU
78,salfamily,https://images-na.ssl-images-amazon.com/images/M/MV5BMjQ4MTY5NzU2M15BMl5BanBnXkFtZTgwNDc5NTgwMTI@._V1_.jpg,eMrx23KxDM
79,bkoganbing,https://m.media-amazon.com/images/M/MV5BMTUyOTU2MDU5N15BMl5BanBnXkFtZTgwMzMzNjc1MDE@._V1_.jpg,k2mCDp
80,Coxer99,https://images-na.ssl-images-amazon.com/images/M/MV5BMjQ4MTY5NzU2M15BMl5BanBnXkFtZTgwNDc5NTgwMTI@._V1_.jpg,sg2sYJuy
81,FlickJunkie-2,https://images-na.ssl-images-amazon.com/images/M/MV5BMjQ4MTY5NzU2M15BMl5BanBnXkFtZTgwNDc5NTgwMTI@._V1_.jpg,lM97v4
82,JFHunt,https://images-na.ssl-images-amazon.com/images/M/MV5BMjQ4MTY5NzU2M15BMl5BanBnXkFtZTgwNDc5NTgwMTI@._V1_.jpg,I1oORJcuV
83,wellthatswhatithinkanyway,https://m.media-amazon.com/images/M/MV5BMzg3ZDg1OWItNjlmOC00OTUzLWEwNTUtMWJlMTFiZDFiZjhlXkEyXkFqcGdeQXVyMDM0NTU5Ng@@._V1_.jpg,ZfTimpiun
84,FrenchEddieFelson,https://m.media-amazon.com/images/M/MV5BMjI0OTEwMTg1OV5BMl5BanBnXkFtZTgwNzcyNDQ4ODE@._V1_.jpg,VliCD9
85,trelloskilos-1,https://images-na.ssl-images-amazon.com/images/M/MV5BMjQ4MTY5NzU2M15BMl5BanBnXkFtZTgwNDc5NTgwMTI@._V1_.jpg,9BP8WkP
86,tjcclarke,https://images-na.ssl-images-amazon.com/images/M/MV5BMjQ4MTY5NzU2M15BMl5BanBnXkFtZTgwNDc5NTgwMTI@._V1_.jpg,7lgx85veU
87,panjshir_lion,https://images-na.ssl-images-amazon.com/images/M/MV5BMjQ4MTY5NzU2M15BMl5BanBnXkFtZTgwNDc5NTgwMTI@._V1_.jpg,k7ulHp6
88,keving4241,https://m.media-amazon.com/images/M/MV5BMTM5NzYwMDA4MV5BMl5BanBnXkFtZTgwMzk3OTMxMDE@._V1_.jpg,rYLjdZ0
89,j-a-julian,https://m.media-amazon.com/images/M/MV5BYzg1YWY5ZjMtYWQ1NS00YjJiLWJkZGQtMGZhYjBiMzQ1ZWIxXkEyXkFqcGdeQXVyMTQxMjE3Mjc@._V1_.jpg,DOXgy4
90,ToldYaSo,https://images-na.ssl-images-amazon.com/images/M/MV5BMjQ4MTY5NzU2M15BMl5BanBnXkFtZTgwNDc5NTgwMTI@._V1_.jpg,UeflccIj
91,Xstal,https://m.media-amazon.com/images/M/MV5BOWUzZDQ3MzctMTQxYy00M2RhLWJkNGQtODM5MDVhNzdiOTQ4XkEyXkFqcGdeQXVyNDEwMzE2NQ@@._V1_.jpg,FlwxXDQ
92,amira_berzi,https://images-na.ssl-images-amazon.com/images/M/MV5BMjQ4MTY5NzU2M15BMl5BanBnXkFtZTgwNDc5NTgwMTI@._V1_.jpg,qPpMO4YdC
93,gaur-abhi,https://images-na.ssl-images-amazon.com/images/M/MV5BMjQ4MTY5NzU2M15BMl5BanBnXkFtZTgwNDc5NTgwMTI@._V1_.jpg,5mz6kJbRp
94,thinker1691,https://m.media-amazon.com/images/M/MV5BMjMxMDYwODI2OF5BMl5BanBnXkFtZTgwMDAyMDQxMDE@._V1_.jpg,RNA6J
95,Movie-12,https://images-na.ssl-images-amazon.com/images/M/MV5BMjQ4MTY5NzU2M15BMl5BanBnXkFtZTgwNDc5NTgwMTI@._V1_.jpg,InTllA
96,DemonKiki,https://m.media-amazon.com/images/M/MV5BNGQ0OWQxOTMtYTY5Zi00N2Y0LTgyOGUtMmViMjc5NTE5Y2E1XkEyXkFqcGdeQXVyMTE0NjY3MzIx._V1_.jpg,WJtahN4z
97,FiendishDramaturgy,https://m.media-amazon.com/images/M/MV5BMTYyODE3MTAzNF5BMl5BanBnXkFtZTcwNTE5MjQ4OQ@@._V1_.jpg,Bb3aZDqEx
98,Bogmeister,https://m.media-amazon.com/images/M/MV5BMzkxMDA4NDQ0NV5BMl5BanBnXkFtZTcwNDc2NTg4OQ@@._V1_.jpg,qPlwm
99,kosmasp,https://m.media-amazon.com/images/M/MV5BZmU4YjAxNGUtODNjYS00YTBkLWJjODUtMDg5ZjhkZmIyZDA3XkEyXkFqcGdeQXVyNTg3NjcxNw@@._V1_.jpg,buUt8
100,Ksa-2010,https://images-na.ssl-images-amazon.com/images/M/MV5BMjQ4MTY5NzU2M15BMl5BanBnXkFtZTgwNDc5NTgwMTI@._V1_.jpg,loe5oK
101,Jared_Andrews,https://images-na.ssl-images-amazon.com/images/M/MV5BMjQ4MTY5NzU2M15BMl5BanBnXkFtZTgwNDc5NTgwMTI@._V1_.jpg,34YFD
102,EpicReviewer1,https://images-na.ssl-images-amazon.com/images/M/MV5BMjQ4MTY5NzU2M15BMl5BanBnXkFtZTgwNDc5NTgwMTI@._V1_.jpg,SADkIl
103,gavin6942,https://m.media-amazon.com/images/M/MV5BMTU1OTg0MjU2Ml5BMl5BanBnXkFtZTcwNDgyMTk2OQ@@._V1_.jpg,YCe06
104,851222,https://m.media-amazon.com/images/M/MV5BMjI2Mjc1NTU1NV5BMl5BanBnXkFtZTcwOTY0NjA1OQ@@._V1_.jpg,zqg6lftmRH
105,TOMASBBloodhound,https://m.media-amazon.com/images/M/MV5BMWY0ZTY1NWUtMzk0MC00YWYyLTg0NTEtOTcxMTUyOGUwNWVkXkEyXkFqcGdeQXVyMjMyNjU0NA@@._V1_.jpg,d31Y7B
106,mm-39,https://m.media-amazon.com/images/M/MV5BYjgyYzgxNDAtMThiNi00Njc5LTkzMDItZWRmNThhMmNhN2JiXkEyXkFqcGdeQXVyMDQ1MzIyOA@@._V1_.jpg,WnOY7cmf
107,supertom-3,https://images-na.ssl-images-amazon.com/images/M/MV5BMjQ4MTY5NzU2M15BMl5BanBnXkFtZTgwNDc5NTgwMTI@._V1_.jpg,hNIoWP
108,shanebuckland,https://images-na.ssl-images-amazon.com/images/M/MV5BMjQ4MTY5NzU2M15BMl5BanBnXkFtZTgwNDc5NTgwMTI@._V1_.jpg,dG2s41u
109,planktonrules,https://m.media-amazon.com/images/M/MV5BMjMzOTgzMDkwOV5BMl5BanBnXkFtZTcwNzg2ODQ2OQ@@._V1_.jpg,EuUDSoGf
110,telegonus,https://images-na.ssl-images-amazon.com/images/M/MV5BMjQ4MTY5NzU2M15BMl5BanBnXkFtZTgwNDc5NTgwMTI@._V1_.jpg,UNaxWD
111,slokes,https://m.media-amazon.com/images/M/MV5BMTU0NzQwMTAzN15BMl5BanBnXkFtZTcwNzI4ODQ2OQ@@._V1_.jpg,uLZZzm
112,arichmondfwc,https://images-na.ssl-images-amazon.com/images/M/MV5BMjQ4MTY5NzU2M15BMl5BanBnXkFtZTgwNDc5NTgwMTI@._V1_.jpg,ev9diP5K
113,FilmOtaku,https://images-na.ssl-images-amazon.com/images/M/MV5BMjQ4MTY5NzU2M15BMl5BanBnXkFtZTgwNDc5NTgwMTI@._V1_.jpg,rw8EOjznG
114,jotix100,https://images-na.ssl-images-amazon.com/images/M/MV5BMjQ4MTY5NzU2M15BMl5BanBnXkFtZTgwNDc5NTgwMTI@._V1_.jpg,TxyQv2q8w
115,Insincere Dave,https://images-na.ssl-images-amazon.com/images/M/MV5BMjQ4MTY5NzU2M15BMl5BanBnXkFtZTgwNDc5NTgwMTI@._V1_.jpg,TB2oJ
116,Methos-7,https://images-na.ssl-images-amazon.com/images/M/MV5BMjQ4MTY5NzU2M15BMl5BanBnXkFtZTgwNDc5NTgwMTI@._V1_.jpg,hfy4q
117,Jeremy_Urquhart,https://m.media-amazon.com/images/M/MV5BMTY4NDIyOTkwMV5BMl5BanBnXkFtZTgwMzY0Nzk5MDE@._V1_.jpg,6UH7Wfp3gI
118,jtindahouse,https://images-na.ssl-images-amazon.com/images/M/MV5BMjQ4MTY5NzU2M15BMl5BanBnXkFtZTgwNDc5NTgwMTI@._V1_.jpg,ma2Qldd
119,mysticfall,https://m.media-amazon.com/images/M/MV5BMTQ4ODEwNDg1Nl5BMl5BanBnXkFtZTcwNDk1MTA3OQ@@._V1_.jpg,6uVaEVx
120,nehpetstephen,https://images-na.ssl-images-amazon.com/images/M/MV5BMjQ4MTY5NzU2M15BMl5BanBnXkFtZTgwNDc5NTgwMTI@._V1_.jpg,wQa6UeE8Sc
121,claudonio,https://images-na.ssl-images-amazon.com/images/M/MV5BMjQ4MTY5NzU2M15BMl5BanBnXkFtZTgwNDc5NTgwMTI@._V1_.jpg,wQwmsD
122,movieguy1021,https://images-na.ssl-images-amazon.com/images/M/MV5BMjQ4MTY5NzU2M15BMl5BanBnXkFtZTgwNDc5NTgwMTI@._V1_.jpg,2eDHKxg
123,behbehseta,https://images-na.ssl-images-amazon.com/images/M/MV5BMjQ4MTY5NzU2M15BMl5BanBnXkFtZTgwNDc5NTgwMTI@._V1_.jpg,ISQEz
124,seventhsamurai1954,https://images-na.ssl-images-amazon.com/images/M/MV5BMjQ4MTY5NzU2M15BMl5BanBnXkFtZTgwNDc5NTgwMTI@._V1_.jpg,H2IzHi
125,ajkbiotech,https://images-na.ssl-images-amazon.com/images/M/MV5BMjQ4MTY5NzU2M15BMl5BanBnXkFtZTgwNDc5NTgwMTI@._V1_.jpg,FDzwlZ
126,mahmus,https://m.media-amazon.com/images/M/MV5BNjQ2ZTdmZTMtZjQ0MS00NDZiLTkxYWEtOTkzNTlmODgzZTJiXkEyXkFqcGdeQXVyODI0NjI4ODA@._V1_.jpg,hhs9bm
127,nathanmanson,https://images-na.ssl-images-amazon.com/images/M/MV5BMjQ4MTY5NzU2M15BMl5BanBnXkFtZTgwNDc5NTgwMTI@._V1_.jpg,wsV2Ku
128,dbdumonteil,https://images-na.ssl-images-amazon.com/images/M/MV5BMjQ4MTY5NzU2M15BMl5BanBnXkFtZTgwNDc5NTgwMTI@._V1_.jpg,xM4BeNnz
129,Hitchcoc,https://images-na.ssl-images-amazon.com/images/M/MV5BMjQ4MTY5NzU2M15BMl5BanBnXkFtZTgwNDc5NTgwMTI@._V1_.jpg,OxK43wUxT
130,TIDQ,https://images-na.ssl-images-amazon.com/images/M/MV5BMjQ4MTY5NzU2M15BMl5BanBnXkFtZTgwNDc5NTgwMTI@._V1_.jpg,MrNGhO2M
131,Agent10,https://images-na.ssl-images-amazon.com/images/M/MV5BMjQ4MTY5NzU2M15BMl5BanBnXkFtZTgwNDc5NTgwMTI@._V1_.jpg,3LEHopTy
132,damianphelps,https://images-na.ssl-images-amazon.com/images/M/MV5BMjQ4MTY5NzU2M15BMl5BanBnXkFtZTgwNDc5NTgwMTI@._V1_.jpg,vFPuIWiBg
133,mikerudakov,https://images-na.ssl-images-amazon.com/images/M/MV5BMjQ4MTY5NzU2M15BMl5BanBnXkFtZTgwNDc5NTgwMTI@._V1_.jpg,eus6lrL4t
134,jcheezy,https://images-na.ssl-images-amazon.com/images/M/MV5BMjQ4MTY5NzU2M15BMl5BanBnXkFtZTgwNDc5NTgwMTI@._V1_.jpg,Emya4xvUU
135,NpMoviez,https://m.media-amazon.com/images/M/MV5BY2FmZGRhNjYtNDA3ZS00MmM1LWIwNzMtYzhlMTA0NzgwM2EyXkEyXkFqcGdeQXVyNjk1MDg5Mjk@._V1_.jpg,2Cx12L
136,DICK STEEL,https://images-na.ssl-images-amazon.com/images/M/MV5BMjQ4MTY5NzU2M15BMl5BanBnXkFtZTgwNDc5NTgwMTI@._V1_.jpg,psU2S
137,Horst_In_Translation,https://m.media-amazon.com/images/M/MV5BODk3NzM2Njc5MV5BMl5BanBnXkFtZTgwNTc1NDcxODE@._V1_.jpg,csxWbk
138,Jaymay,https://images-na.ssl-images-amazon.com/images/M/MV5BMjQ4MTY5NzU2M15BMl5BanBnXkFtZTgwNDc5NTgwMTI@._V1_.jpg,MhsBEqjC
139,kdryan,https://m.media-amazon.com/images/M/MV5BMTU2MzUwMTE0NV5BMl5BanBnXkFtZTgwMDk3MTU0NzE@._V1_.jpg,e1hekc3k
140,smatysia,https://images-na.ssl-images-amazon.com/images/M/MV5BMjQ4MTY5NzU2M15BMl5BanBnXkFtZTgwNDc5NTgwMTI@._V1_.jpg,SKLAES2x
141,TheMovieDiorama,https://m.media-amazon.com/images/M/MV5BOWYwYmY2ZmItZWIxMi00ZThlLWEwNDAtYmUwMzJjMjA3YmYwXkEyXkFqcGdeQXVyNjc5MDI3Mjk@._V1_.jpg,YRf4k
142,Sergeant_Tibbs,https://m.media-amazon.com/images/M/MV5BMzM5ODUzOTQxN15BMl5BanBnXkFtZTgwMjMyOTgyMDI@._V1_.jpg,y8CcK7IqnR
143,ferguson-6,https://m.media-amazon.com/images/M/MV5BMTM5NTI2MDE4OF5BMl5BanBnXkFtZTgwNDAxNTc4MDE@._V1_.jpg,5jPElA
144,bbickley13-921-58664,https://images-na.ssl-images-amazon.com/images/M/MV5BMjQ4MTY5NzU2M15BMl5BanBnXkFtZTgwNDc5NTgwMTI@._V1_.jpg,AMSOsvi9
145,ElMaruecan82,https://m.media-amazon.com/images/M/MV5BYTI5YjQzZGUtYWM1NS00MmJmLWEwMGYtMmRiN2E3MDc1ZGFmXkEyXkFqcGdeQXVyNDIzNDExOQ@@._V1_.jpg,eqDcP8GsKs
146,jvdesuit1,https://images-na.ssl-images-amazon.com/images/M/MV5BMjQ4MTY5NzU2M15BMl5BanBnXkFtZTgwNDc5NTgwMTI@._V1_.jpg,qmNCn0Qoo
147,n-buenning,https://images-na.ssl-images-amazon.com/images/M/MV5BMjQ4MTY5NzU2M15BMl5BanBnXkFtZTgwNDc5NTgwMTI@._V1_.jpg,27K6Z7
148,bakor24-1,https://images-na.ssl-images-amazon.com/images/M/MV5BMjQ4MTY5NzU2M15BMl5BanBnXkFtZTgwNDc5NTgwMTI@._V1_.jpg,48HuGYD6
149,Teyss,https://m.media-amazon.com/images/M/MV5BNTRmNzI2ZDUtZWQ0Yy00ZmQ4LWE5YmQtOGYyNTg2YzFlYTNiXkEyXkFqcGdeQXVyNjM5NTA0Mjc@._V1_.jpg,wTRAYh
150,evanston_dad,https://images-na.ssl-images-amazon.com/images/M/MV5BMjQ4MTY5NzU2M15BMl5BanBnXkFtZTgwNDc5NTgwMTI@._V1_.jpg,wG7qbAhoe8
151,TheDragonTrader,https://m.media-amazon.com/images/M/MV5BMDA3MDAwZjQtYjZiMS00MzYwLWE3OGQtNTVkMTNlNGI3YWMwXkEyXkFqcGdeQXVyNzg3NDYzMzY@._V1_.jpg,9YDLi
152,myriamlenys,https://images-na.ssl-images-amazon.com/images/M/MV5BMjQ4MTY5NzU2M15BMl5BanBnXkFtZTgwNDc5NTgwMTI@._V1_.jpg,lvrwFTckXs
153,mattywoh,https://images-na.ssl-images-amazon.com/images/M/MV5BMjQ4MTY5NzU2M15BMl5BanBnXkFtZTgwNDc5NTgwMTI@._V1_.jpg,47pjeZZ
154,noralee,https://images-na.ssl-images-amazon.com/images/M/MV5BMjQ4MTY5NzU2M15BMl5BanBnXkFtZTgwNDc5NTgwMTI@._V1_.jpg,PgKp5WLjjJ
155,Galina_movie_fan,https://m.media-amazon.com/images/M/MV5BMDIwNDRkOTAtZTc4OS00MDcxLWE2NWUtMmViZWE0YjUyY2JkXkEyXkFqcGdeQXVyMTA5ODQ2MA@@._V1_.jpg,lHiPb
156,Duree,https://images-na.ssl-images-amazon.com/images/M/MV5BMjQ4MTY5NzU2M15BMl5BanBnXkFtZTgwNDc5NTgwMTI@._V1_.jpg,Lh6Cl
157,lstrawser,https://images-na.ssl-images-amazon.com/images/M/MV5BMjQ4MTY5NzU2M15BMl5BanBnXkFtZTgwNDc5NTgwMTI@._V1_.jpg,fpt9o
158,dee.reid,https://m.media-amazon.com/images/M/MV5BMTQ4NTU5NjA3MF5BMl5BanBnXkFtZTgwNzExNDg1MDE@._V1_.jpg,Iqfk9udOZY
159,Lupercali,https://images-na.ssl-images-amazon.com/images/M/MV5BMjQ4MTY5NzU2M15BMl5BanBnXkFtZTgwNDc5NTgwMTI@._V1_.jpg,uv1FFr
160,The_Fifth_Echo,https://m.media-amazon.com/images/M/MV5BMTQ5NzM0NjIwNV5BMl5BanBnXkFtZTgwNjE1MzYyNzE@._V1_.jpg,fxl3g2WC
161,Nogami,https://images-na.ssl-images-amazon.com/images/M/MV5BMjQ4MTY5NzU2M15BMl5BanBnXkFtZTgwNDc5NTgwMTI@._V1_.jpg,zBOTPR9
162,The_Void,https://images-na.ssl-images-amazon.com/images/M/MV5BMjQ4MTY5NzU2M15BMl5BanBnXkFtZTgwNDc5NTgwMTI@._V1_.jpg,FcKNKZOHkn
163,dxia,https://images-na.ssl-images-amazon.com/images/M/MV5BMjQ4MTY5NzU2M15BMl5BanBnXkFtZTgwNDc5NTgwMTI@._V1_.jpg,QRhjhc
164,Sleepin_Dragon,https://m.media-amazon.com/images/M/MV5BMGI4MWZiOTgtMDAzYS00M2YxLWIxN2QtN2ExZTMxYTE2YjQ3XkEyXkFqcGdeQXVyMTUzMTEzMTA@._V1_.jpg,hr5o0qYqST
165,EUyeshima,https://images-na.ssl-images-amazon.com/images/M/MV5BMjQ4MTY5NzU2M15BMl5BanBnXkFtZTgwNDc5NTgwMTI@._V1_.jpg,QJXmUZU
166,preppy-3,https://images-na.ssl-images-amazon.com/images/M/MV5BMjQ4MTY5NzU2M15BMl5BanBnXkFtZTgwNDc5NTgwMTI@._V1_.jpg,NSjNah
167,caspian1978,https://m.media-amazon.com/images/M/MV5BMjIwNzUzNDE2MV5BMl5BanBnXkFtZTgwODc4NzMzMTE@._V1_.jpg,w6rJFqL
168,doeadear,https://images-na.ssl-images-amazon.com/images/M/MV5BMjQ4MTY5NzU2M15BMl5BanBnXkFtZTgwNDc5NTgwMTI@._V1_.jpg,HG0Vb
169,nateahoey,https://images-na.ssl-images-amazon.com/images/M/MV5BMjQ4MTY5NzU2M15BMl5BanBnXkFtZTgwNDc5NTgwMTI@._V1_.jpg,cc4lU
170,Old Joe,https://images-na.ssl-images-amazon.com/images/M/MV5BMjQ4MTY5NzU2M15BMl5BanBnXkFtZTgwNDc5NTgwMTI@._V1_.jpg,eG3S9T
171,wkbeason,https://images-na.ssl-images-amazon.com/images/M/MV5BMjQ4MTY5NzU2M15BMl5BanBnXkFtZTgwNDc5NTgwMTI@._V1_.jpg,V47bzrZDL
172,ltlrags,https://images-na.ssl-images-amazon.com/images/M/MV5BMjQ4MTY5NzU2M15BMl5BanBnXkFtZTgwNDc5NTgwMTI@._V1_.jpg,EfrOd04S6
173,notoriousCASK,https://m.media-amazon.com/images/M/MV5BMWI3Mjk1YmQtNDE3Ni00MDU0LThmMTMtMzljMzQ0NWI2Y2EzXkEyXkFqcGdeQXVyMzEyMjE2NzA@._V1_.jpg,7lxpzj7
174,Theo Robertson,https://m.media-amazon.com/images/M/MV5BMTkxMjA3ODY4MF5BMl5BanBnXkFtZTcwMjYxNTc2OQ@@._V1_.jpg,qS2od76p1F
175,BA_Harrison,https://m.media-amazon.com/images/M/MV5BMTkyMDM4NTIxOF5BMl5BanBnXkFtZTcwMDgwMTU2OQ@@._V1_.jpg,XBjqxq
176,baumer,https://m.media-amazon.com/images/M/MV5BNmFjNWE2ZjUtMGJkYy00ZjI2LWE2NDgtYTMxY2M4MTc2YmFmXkEyXkFqcGdeQXVyMDM1NTEyMg@@._V1_.jpg,iZkWubI
177,PyrolyticCarbon,https://m.media-amazon.com/images/M/MV5BMjA4MTM2ODkyNl5BMl5BanBnXkFtZTgwNzYzNjk5MDE@._V1_.jpg,oNtPVO
178,CuriosityKilledShawn,https://m.media-amazon.com/images/M/MV5BNDU5MzQ3NTc4Nl5BMl5BanBnXkFtZTgwMjg1ODIxODE@._V1_.jpg,kyO3P
179,shawnmikedryer,https://images-na.ssl-images-amazon.com/images/M/MV5BMjQ4MTY5NzU2M15BMl5BanBnXkFtZTgwNDc5NTgwMTI@._V1_.jpg,rgqJyma
180,filipemanuelneto,https://m.media-amazon.com/images/M/MV5BOGQ5MWNmZjYtMzJmZC00NDY0LTk0MjgtYmZlZjU3NjcyMjY5XkEyXkFqcGdeQXVyNTMwNTMyMjc@._V1_.jpg,DAu3G1Vxj
181,pedroborges-90881,https://m.media-amazon.com/images/M/MV5BZDU0OTkwYzgtZTgyMy00YTQyLTkyMmItNGM5YzZlMmMxNGM1XkEyXkFqcGdeQXVyNjUwNzk3NDc@._V1_.jpg,v8x8F3KCI
182,postolachivalentin,https://images-na.ssl-images-amazon.com/images/M/MV5BMjQ4MTY5NzU2M15BMl5BanBnXkFtZTgwNDc5NTgwMTI@._V1_.jpg,cnlaE1lPGa
183,manseetswaroop,https://m.media-amazon.com/images/M/MV5BNzUxNDE0NDU3OV5BMl5BanBnXkFtZTgwMjY2MDkzNjE@._V1_.jpg,OuA97
184,seaview1,https://images-na.ssl-images-amazon.com/images/M/MV5BMjQ4MTY5NzU2M15BMl5BanBnXkFtZTgwNDc5NTgwMTI@._V1_.jpg,ok7K98EE
185,buiredintime,https://images-na.ssl-images-amazon.com/images/M/MV5BMjQ4MTY5NzU2M15BMl5BanBnXkFtZTgwNDc5NTgwMTI@._V1_.jpg,PzMroUp85h
186,wisewebwoman,https://m.media-amazon.com/images/M/MV5BMTc0OTAxODQ3MF5BMl5BanBnXkFtZTgwNTc3MDU3MjE@._V1_.jpg,z7J1niiF
187,Hprog,https://images-na.ssl-images-amazon.com/images/M/MV5BMjQ4MTY5NzU2M15BMl5BanBnXkFtZTgwNDc5NTgwMTI@._V1_.jpg,2FxLZ
188,Red-125,https://images-na.ssl-images-amazon.com/images/M/MV5BMjQ4MTY5NzU2M15BMl5BanBnXkFtZTgwNDc5NTgwMTI@._V1_.jpg,UwS9UVwIE
189,johno-21,https://images-na.ssl-images-amazon.com/images/M/MV5BMjQ4MTY5NzU2M15BMl5BanBnXkFtZTgwNDc5NTgwMTI@._V1_.jpg,ef59sohZrU
190,Don-102,https://images-na.ssl-images-amazon.com/images/M/MV5BMjQ4MTY5NzU2M15BMl5BanBnXkFtZTgwNDc5NTgwMTI@._V1_.jpg,RgcQDcjrjy
191,Steffi_P,https://images-na.ssl-images-amazon.com/images/M/MV5BMjQ4MTY5NzU2M15BMl5BanBnXkFtZTgwNDc5NTgwMTI@._V1_.jpg,RKL5LKhhkM
192,Hermit C-2,https://images-na.ssl-images-amazon.com/images/M/MV5BMjQ4MTY5NzU2M15BMl5BanBnXkFtZTgwNDc5NTgwMTI@._V1_.jpg,1VGNRuot
193,WriterDave,https://m.media-amazon.com/images/M/MV5BMjE1ODUxODgxNF5BMl5BanBnXkFtZTgwOTQ2NTU3NjE@._V1_.jpg,alvsbLR5
194,claudio_carvalho,https://m.media-amazon.com/images/M/MV5BMjEyNjk4ODc4Ml5BMl5BanBnXkFtZTcwNjg5NTQ2OQ@@._V1_.jpg,KcTxkcVnW
195,portraitofaladyonfire,https://images-na.ssl-images-amazon.com/images/M/MV5BMjQ4MTY5NzU2M15BMl5BanBnXkFtZTgwNDc5NTgwMTI@._V1_.jpg,DlW50DzWFE
196,lugonian,https://m.media-amazon.com/images/M/MV5BNjk3NDc3MzAzNl5BMl5BanBnXkFtZTgwMDM1Nzg2ODE@._V1_.jpg,ID5sl6qKlR
197,ma-cortes,https://m.media-amazon.com/images/M/MV5BMjAxMjEzOTE5NV5BMl5BanBnXkFtZTgwNjQ0NTUwNTE@._V1_.jpg,xBYC04D
198,areatw,https://m.media-amazon.com/images/M/MV5BZGYyOTNlMjEtZjU4Ny00YTg1LTk2MDEtODI4MDQ0OGEyMTIxXkEyXkFqcGdeQXVyNjY1MTc4Njk@._V1_.jpg,M7yLjO2Do4
199,RJBrez,https://images-na.ssl-images-amazon.com/images/M/MV5BMjQ4MTY5NzU2M15BMl5BanBnXkFtZTgwNDc5NTgwMTI@._V1_.jpg,bfK0MziChN
200,Puroo,https://m.media-amazon.com/images/M/MV5BZmM0N2E0NDAtZGFkYy00N2QzLWFlYmMtMmI5OGNlODZmZmMyXkEyXkFqcGdeQXVyMTIwMzIxOTkz._V1_.jpg,4QucB8
201,AnnaPagrati,https://m.media-amazon.com/images/M/MV5BZjA0NGJhMzctNzBjZS00ZTFjLWI1MDQtYTEzNDE5MTk4MDlkXkEyXkFqcGdeQXVyNjg4ODEzOTg@._V1_.jpg,XYWfC
202,Alex_Lo,https://m.media-amazon.com/images/M/MV5BMTQ1OTI3OTktNTNkOS00Y2E1LWE3ZmUtYTkzZTNjMTVmZTI5XkEyXkFqcGdeQXVyMTA1NjE3ODQy._V1_.jpg,7hGlI
203,BrandtSponseller,https://images-na.ssl-images-amazon.com/images/M/MV5BMjQ4MTY5NzU2M15BMl5BanBnXkFtZTgwNDc5NTgwMTI@._V1_.jpg,nCaZQafgE
204,Derek237,https://m.media-amazon.com/images/M/MV5BMTA0NjY5ODY5NTJeQTJeQWpwZ15BbWU4MDQwNTQ0MTAx._V1_.jpg,KYc89pr
205,the-evil-cult,https://m.media-amazon.com/images/M/MV5BMTczMDk1MTA0NV5BMl5BanBnXkFtZTgwNzAzMjM4MDI@._V1_.jpg,QVe0zyZ2
206,RueMorgue,https://images-na.ssl-images-amazon.com/images/M/MV5BMjQ4MTY5NzU2M15BMl5BanBnXkFtZTgwNDc5NTgwMTI@._V1_.jpg,9vZyc7cCw3
207,Antithesys,https://images-na.ssl-images-amazon.com/images/M/MV5BMjQ4MTY5NzU2M15BMl5BanBnXkFtZTgwNDc5NTgwMTI@._V1_.jpg,NWvO0825uD
208,ryan_lynch,https://images-na.ssl-images-amazon.com/images/M/MV5BMjQ4MTY5NzU2M15BMl5BanBnXkFtZTgwNDc5NTgwMTI@._V1_.jpg,SLNOEHKNiZ
209,elvircorhodzic,https://m.media-amazon.com/images/M/MV5BMjQwNDkyMTg1MF5BMl5BanBnXkFtZTgwMjM1NDUyODE@._V1_.jpg,fgT2lPoxZ
210,Sickfrog,https://images-na.ssl-images-amazon.com/images/M/MV5BMjQ4MTY5NzU2M15BMl5BanBnXkFtZTgwNDc5NTgwMTI@._V1_.jpg,8RpRGEkW7e
211,Geeky Randy,https://m.media-amazon.com/images/M/MV5BMTQ1MzgyODAyOV5BMl5BanBnXkFtZTgwNjA4OTc3MTE@._V1_.jpg,GXARWoV
212,Maniac-9,https://m.media-amazon.com/images/M/MV5BNDk1MDk2NDI1M15BMl5BanBnXkFtZTgwNDk5ODEwMDE@._V1_.jpg,rJ75LoUBuo
213,CaptKeshav,https://m.media-amazon.com/images/M/MV5BMjM3MTExMjg0MV5BMl5BanBnXkFtZTcwNzYxNTE4OQ@@._V1_.jpg,SmgXRYaHr
214,Morejambo54,https://m.media-amazon.com/images/M/MV5BMTc1NzY0MDAtZDcwMC00MjE4LTg0M2YtYzg4NDU1OWU5NWUxXkEyXkFqcGdeQXVyMTEyMjM0Nzcz._V1_.jpg,ohCkq3
215,sirwillisiv,https://m.media-amazon.com/images/M/MV5BZGMxMzlmYmMtMDRhMi00MWZjLThkYzYtZjU1NzQyMTY5NWEyXkEyXkFqcGdeQXVyODI0MDAwODQ@._V1_.jpg,06QChH
216,matthewssilverhammer,https://images-na.ssl-images-amazon.com/images/M/MV5BMjQ4MTY5NzU2M15BMl5BanBnXkFtZTgwNDc5NTgwMTI@._V1_.jpg,I91s1q9JFT
217,eaglescout910,https://images-na.ssl-images-amazon.com/images/M/MV5BMjQ4MTY5NzU2M15BMl5BanBnXkFtZTgwNDc5NTgwMTI@._V1_.jpg,pZlzJS
218,cafesmitty,https://m.media-amazon.com/images/M/MV5BODQ1ODQyNDcyNl5BMl5BanBnXkFtZTgwMDQ2Mjg0ODE@._V1_.jpg,WD8vLLtyd
219,Aman_Goyal,https://m.media-amazon.com/images/M/MV5BMTlhNzhhNTYtYjNjNS00MzAyLWJjNjgtODk3YTFjMDhmNTY4XkEyXkFqcGdeQXVyNjgxMjk4MzQ@._V1_.jpg,mzfB8CTw
220,Come-and-Review,https://m.media-amazon.com/images/M/MV5BYTRkODI5NjktMWJiZi00ZTM3LWJlZjQtNDY1ODMyM2JhNWU0XkEyXkFqcGdeQXVyNTM2NDUyOTM@._V1_.jpg,FFGGxX498
221,mariamelkott,https://images-na.ssl-images-amazon.com/images/M/MV5BMjQ4MTY5NzU2M15BMl5BanBnXkFtZTgwNDc5NTgwMTI@._V1_.jpg,4uCtq
222,VallejoDiego,https://images-na.ssl-images-amazon.com/images/M/MV5BMjQ4MTY5NzU2M15BMl5BanBnXkFtZTgwNDc5NTgwMTI@._V1_.jpg,AgaCrkVz
223,johnny-08,https://images-na.ssl-images-amazon.com/images/M/MV5BMjQ4MTY5NzU2M15BMl5BanBnXkFtZTgwNDc5NTgwMTI@._V1_.jpg,84PCbl
224,bur_007,https://images-na.ssl-images-amazon.com/images/M/MV5BMjQ4MTY5NzU2M15BMl5BanBnXkFtZTgwNDc5NTgwMTI@._V1_.jpg,C9gnMh7Hk
225,Genevieve_X,https://images-na.ssl-images-amazon.com/images/M/MV5BMjQ4MTY5NzU2M15BMl5BanBnXkFtZTgwNDc5NTgwMTI@._V1_.jpg,25UoU
226,lucas739,https://m.media-amazon.com/images/M/MV5BNjY4NjMwNDkwN15BMl5BanBnXkFtZTgwMjkzMDY1MDE@._V1_.jpg,QO7P0WAzW
227,robert3750,https://images-na.ssl-images-amazon.com/images/M/MV5BMjQ4MTY5NzU2M15BMl5BanBnXkFtZTgwNDc5NTgwMTI@._V1_.jpg,FkMbBDyorI
228,heisenberg12,https://m.media-amazon.com/images/M/MV5BMTc1MDgzODIxOV5BMl5BanBnXkFtZTgwODk5MzA3NzE@._V1_.jpg,gGsRyFUSm6
229,brentcollyer,https://images-na.ssl-images-amazon.com/images/M/MV5BMjQ4MTY5NzU2M15BMl5BanBnXkFtZTgwNDc5NTgwMTI@._V1_.jpg,4eUWtN
230,possumopossum,https://images-na.ssl-images-amazon.com/images/M/MV5BMjQ4MTY5NzU2M15BMl5BanBnXkFtZTgwNDc5NTgwMTI@._V1_.jpg,Ly7gAk
231,miknnik,https://images-na.ssl-images-amazon.com/images/M/MV5BMjQ4MTY5NzU2M15BMl5BanBnXkFtZTgwNDc5NTgwMTI@._V1_.jpg,Norsnmw
232,OriginalMovieBuff21,https://images-na.ssl-images-amazon.com/images/M/MV5BMjQ4MTY5NzU2M15BMl5BanBnXkFtZTgwNDc5NTgwMTI@._V1_.jpg,t3McC
233,susy-7,https://images-na.ssl-images-amazon.com/images/M/MV5BMjQ4MTY5NzU2M15BMl5BanBnXkFtZTgwNDc5NTgwMTI@._V1_.jpg,sr4F6UqUVR
234,Mike_Wiggins,https://images-na.ssl-images-amazon.com/images/M/MV5BMjQ4MTY5NzU2M15BMl5BanBnXkFtZTgwNDc5NTgwMTI@._V1_.jpg,smnODN
235,neil-476,https://m.media-amazon.com/images/M/MV5BMTk1NDgwNjQ0OV5BMl5BanBnXkFtZTgwMzAzODAwMjE@._V1_.jpg,IhWxT
236,jon-stokes21-539-17875,https://images-na.ssl-images-amazon.com/images/M/MV5BMjQ4MTY5NzU2M15BMl5BanBnXkFtZTgwNDc5NTgwMTI@._V1_.jpg,EQgPXg
237,pramsalim,https://images-na.ssl-images-amazon.com/images/M/MV5BMjQ4MTY5NzU2M15BMl5BanBnXkFtZTgwNDc5NTgwMTI@._V1_.jpg,47zSHW
238,fjhuerta-2,https://images-na.ssl-images-amazon.com/images/M/MV5BMjQ4MTY5NzU2M15BMl5BanBnXkFtZTgwNDc5NTgwMTI@._V1_.jpg,3hsaDq
239,h-42927-48851,https://images-na.ssl-images-amazon.com/images/M/MV5BMjQ4MTY5NzU2M15BMl5BanBnXkFtZTgwNDc5NTgwMTI@._V1_.jpg,oo4w9
240,laurabethc1,https://images-na.ssl-images-amazon.com/images/M/MV5BMjQ4MTY5NzU2M15BMl5BanBnXkFtZTgwNDc5NTgwMTI@._V1_.jpg,JDshyPoX7
241,ablewuzi,https://images-na.ssl-images-amazon.com/images/M/MV5BMjQ4MTY5NzU2M15BMl5BanBnXkFtZTgwNDc5NTgwMTI@._V1_.jpg,xBpQ82b
242,zetes,https://m.media-amazon.com/images/M/MV5BMjAwNTUyMjkwNV5BMl5BanBnXkFtZTgwMTY3NjM1MTE@._V1_.jpg,bXiaocZu0
243,TanjBennett,https://images-na.ssl-images-amazon.com/images/M/MV5BMjQ4MTY5NzU2M15BMl5BanBnXkFtZTgwNDc5NTgwMTI@._V1_.jpg,7j7EYjo24t
244,JTurner82,https://images-na.ssl-images-amazon.com/images/M/MV5BMjQ4MTY5NzU2M15BMl5BanBnXkFtZTgwNDc5NTgwMTI@._V1_.jpg,2YGQYb
245,Owen_The_Owl,https://m.media-amazon.com/images/M/MV5BNTQ4NjdkOTEtMjlmYi00MDc2LTk4M2UtZjczNDY4YzUxNzkyXkEyXkFqcGdeQXVyNjkwNzQyMjg@._V1_.jpg,GRZm31Mw9
246,Calicodreamin,https://m.media-amazon.com/images/M/MV5BNDg4MWNmODgtY2FmNi00OWIwLWExYmEtYzhkZDNmNmQzZDVlXkEyXkFqcGdeQXVyMjkzODUxMzU@._V1_.jpg,JWqNxuUsOv
247,A_Different_Drummer,https://m.media-amazon.com/images/M/MV5BMjA2MzA0NjU1MV5BMl5BanBnXkFtZTgwOTI4NTk1MDE@._V1_.jpg,egD3pIJ
248,ACollegeStudent,https://m.media-amazon.com/images/M/MV5BMGIyOTMyNzUtZTE5YS00MDU0LWI5NTItYWY5YzdlNDRmODMyXkEyXkFqcGdeQXVyMTE4NjY1OTg3._V1_.jpg,H4OEHtnU90
249,ansirahka,https://images-na.ssl-images-amazon.com/images/M/MV5BMjQ4MTY5NzU2M15BMl5BanBnXkFtZTgwNDc5NTgwMTI@._V1_.jpg,j7ukcWD8fP
250,MoistMovies,https://m.media-amazon.com/images/M/MV5BMTgwMzQ4OTczOV5BMl5BanBnXkFtZTgwMTkzMDE5NzE@._V1_.jpg,fjB4mq6TU
251,phoenixinvictus,https://m.media-amazon.com/images/M/MV5BNDNjNGVkODUtYmI1Ny00NDcyLWE2ZTAtZGExNDQ5M2NkMmJjXkEyXkFqcGdeQXVyMjg2NDMwNTQ@._V1_.jpg,AmwSQD1PRW
252,martinrobertson300482,https://images-na.ssl-images-amazon.com/images/M/MV5BMjQ4MTY5NzU2M15BMl5BanBnXkFtZTgwNDc5NTgwMTI@._V1_.jpg,stZuvLj
253,Stephen-12,https://images-na.ssl-images-amazon.com/images/M/MV5BMjQ4MTY5NzU2M15BMl5BanBnXkFtZTgwNDc5NTgwMTI@._V1_.jpg,rT7x4n
254,rondine,https://m.media-amazon.com/images/M/MV5BOTVmMDA2MzgtMTlkZi00NWQ5LTlkZWItZTgxYzdmM2Y4ZDFhL2ltYWdlXkEyXkFqcGdeQXVyMDE4MTY4NA@@._V1_.jpg,yjdlTWyJ4
255,hwm-05554,https://images-na.ssl-images-amazon.com/images/M/MV5BMjQ4MTY5NzU2M15BMl5BanBnXkFtZTgwNDc5NTgwMTI@._V1_.jpg,8ABu5J
256,Danfish,https://images-na.ssl-images-amazon.com/images/M/MV5BMjQ4MTY5NzU2M15BMl5BanBnXkFtZTgwNDc5NTgwMTI@._V1_.jpg,Hhr2HN
257,Brian Scott Mednick,https://m.media-amazon.com/images/M/MV5BM2Y0NTgzNDYtNDQ1NS00NWUyLTg4ZDUtOTBiMTk1YjhjZGU2XkEyXkFqcGdeQXVyMTAyMjkxNw@@._V1_.jpg,rrgcWn7I1
258,tdao360,https://images-na.ssl-images-amazon.com/images/M/MV5BMjQ4MTY5NzU2M15BMl5BanBnXkFtZTgwNDc5NTgwMTI@._V1_.jpg,cKKLC6QyN8
259,Sober-Friend,https://m.media-amazon.com/images/M/MV5BMTY5MjcwMDQzOF5BMl5BanBnXkFtZTgwMzg3MTA0OTE@._V1_.jpg,PZ8Uu40y
260,johnnybianchino,https://m.media-amazon.com/images/M/MV5BMzgxODI4Mzg0MF5BMl5BanBnXkFtZTgwNDk2NTcxNzE@._V1_.jpg,diGBV1
261,muknenesti,https://images-na.ssl-images-amazon.com/images/M/MV5BMjQ4MTY5NzU2M15BMl5BanBnXkFtZTgwNDc5NTgwMTI@._V1_.jpg,BptPHlZ
262,bup-53144,https://images-na.ssl-images-amazon.com/images/M/MV5BMjQ4MTY5NzU2M15BMl5BanBnXkFtZTgwNDc5NTgwMTI@._V1_.jpg,OG9ASe
263,P97,https://images-na.ssl-images-amazon.com/images/M/MV5BMjQ4MTY5NzU2M15BMl5BanBnXkFtZTgwNDc5NTgwMTI@._V1_.jpg,CWNM0VY
264,reedcom,https://images-na.ssl-images-amazon.com/images/M/MV5BMjQ4MTY5NzU2M15BMl5BanBnXkFtZTgwNDc5NTgwMTI@._V1_.jpg,w6qm72
265,deloudelouvain,https://m.media-amazon.com/images/M/MV5BMTkyMjE1MDE4Ml5BMl5BanBnXkFtZTgwNjc5MjE0NDE@._V1_.jpg,ADwZh8lBF
266,pawanpunjabithewriter,https://m.media-amazon.com/images/M/MV5BOTc5YjYyNzMtNzY2Ny00M2YzLTk3MGMtMGRmM2I0OWUyNzBkXkEyXkFqcGdeQXVyNTQwNzcxMzE@._V1_.jpg,X0DADMIY
267,simon_booth,https://images-na.ssl-images-amazon.com/images/M/MV5BMjQ4MTY5NzU2M15BMl5BanBnXkFtZTgwNDc5NTgwMTI@._V1_.jpg,xuXfnRIkG5
268,Wesley-Wang,https://m.media-amazon.com/images/M/MV5BMzM3ZTcwNTItN2IzNS00ZTgzLWE4OTItOTM4YWNlZDY1OTBmXkEyXkFqcGdeQXVyNzMyMjQzNTY@._V1_.jpg,tjfMjxlQ
269,suws1,https://m.media-amazon.com/images/M/MV5BMTQzNTkwMDI2OV5BMl5BanBnXkFtZTcwMTIzMTk3OQ@@._V1_.jpg,VOvwSGL
270,Manthorpe,https://images-na.ssl-images-amazon.com/images/M/MV5BMjQ4MTY5NzU2M15BMl5BanBnXkFtZTgwNDc5NTgwMTI@._V1_.jpg,gjQue9cWn
271,Lechuguilla,https://images-na.ssl-images-amazon.com/images/M/MV5BMjQ4MTY5NzU2M15BMl5BanBnXkFtZTgwNDc5NTgwMTI@._V1_.jpg,OEt04J
272,ronnay_barkay,https://images-na.ssl-images-amazon.com/images/M/MV5BMjQ4MTY5NzU2M15BMl5BanBnXkFtZTgwNDc5NTgwMTI@._V1_.jpg,JWf2HhX
273,tccandler,https://m.media-amazon.com/images/M/MV5BNzY3Nzg2YzUtMDk0OS00ODYyLTkxNjEtN2RhYjQzMWJlODViXkEyXkFqcGdeQXVyMDMyNzc5OQ@@._V1_.jpg,rJ2chR71
274,Superunknovvn,https://images-na.ssl-images-amazon.com/images/M/MV5BMjQ4MTY5NzU2M15BMl5BanBnXkFtZTgwNDc5NTgwMTI@._V1_.jpg,Sh1IsB
275,jemmytee,https://images-na.ssl-images-amazon.com/images/M/MV5BMjQ4MTY5NzU2M15BMl5BanBnXkFtZTgwNDc5NTgwMTI@._V1_.jpg,0vOuROK
276,kmscb-1,https://images-na.ssl-images-amazon.com/images/M/MV5BMjQ4MTY5NzU2M15BMl5BanBnXkFtZTgwNDc5NTgwMTI@._V1_.jpg,HniXClTK
277,dorlago,https://images-na.ssl-images-amazon.com/images/M/MV5BMjQ4MTY5NzU2M15BMl5BanBnXkFtZTgwNDc5NTgwMTI@._V1_.jpg,Lhal4b
278,theorbys,https://images-na.ssl-images-amazon.com/images/M/MV5BMjQ4MTY5NzU2M15BMl5BanBnXkFtZTgwNDc5NTgwMTI@._V1_.jpg,tkFq21G
279,Vartiainen,https://m.media-amazon.com/images/M/MV5BZjIyNzUxZGYtNzNkMC00YWYyLWI2MGYtZTQxMDY4ZjczN2NiXkEyXkFqcGdeQXVyMzAxNjM1NTQ@._V1_.jpg,55FnfUj
280,ilpohirvonen,https://images-na.ssl-images-amazon.com/images/M/MV5BMjQ4MTY5NzU2M15BMl5BanBnXkFtZTgwNDc5NTgwMTI@._V1_.jpg,csT3HZO
281,masonsaul,https://m.media-amazon.com/images/M/MV5BYWUzMWYxNzQtZTdlOS00OGUwLThjNDQtMzFiZmQ5MmMyZjhmXkEyXkFqcGdeQXVyOTQ1NjA3Mzk@._V1_.jpg,Uffk2
282,Neptune165,https://m.media-amazon.com/images/M/MV5BZWJmMGZhOGUtOTM3Yi00MDdjLWFiMzQtYjdmMTVmNjRkNjYxXkEyXkFqcGdeQXVyMzAwOTE4MTA@._V1_.jpg,MVSMXX00nJ
283,gbill-74877,https://m.media-amazon.com/images/M/MV5BNTA0OTkxOTA0M15BMl5BanBnXkFtZTgwNTI3ODg0ODE@._V1_.jpg,gfcHjms81y
284,BandSAboutMovies,https://m.media-amazon.com/images/M/MV5BZGJmN2U0NTQtZDg3YS00NmMzLWI0M2EtYjYyMDYwNjA3ODRiXkEyXkFqcGdeQXVyNjkxNzIzNTA@._V1_.jpg,viuCln
285,jack_o_hasanov_imdb,https://m.media-amazon.com/images/M/MV5BZjZmMTIyNmQtYTM5Yi00OGVjLWI1YTMtMmY5ZWMyNjlmZmVhXkEyXkFqcGdeQXVyNTU2NDA3OTk@._V1_.jpg,WkwesZO9Wa
286,thesar-2,https://m.media-amazon.com/images/M/MV5BMWZkODY1NTgtNzMxNC00YTgzLTk0YTMtMzg4MGQzMGMyYjVlXkEyXkFqcGdeQXVyMTc4MjU5NDU@._V1_.jpg,SAWowwA6K
287,bugsmoran29,https://images-na.ssl-images-amazon.com/images/M/MV5BMjQ4MTY5NzU2M15BMl5BanBnXkFtZTgwNDc5NTgwMTI@._V1_.jpg,iVamIl
288,HadeelKouta,https://images-na.ssl-images-amazon.com/images/M/MV5BMjQ4MTY5NzU2M15BMl5BanBnXkFtZTgwNDc5NTgwMTI@._V1_.jpg,4KVq1
289,rupie,https://m.media-amazon.com/images/M/MV5BMjIzNDA0OTkzOV5BMl5BanBnXkFtZTgwNjg4OTM2MzE@._V1_.jpg,VZIiFdI
290,maureenmcqueen,https://images-na.ssl-images-amazon.com/images/M/MV5BMjQ4MTY5NzU2M15BMl5BanBnXkFtZTgwNDc5NTgwMTI@._V1_.jpg,3tS4tEQU
291,MidniteRambler,https://images-na.ssl-images-amazon.com/images/M/MV5BMjQ4MTY5NzU2M15BMl5BanBnXkFtZTgwNDc5NTgwMTI@._V1_.jpg,v6I15etIG
292,iain_connell,https://images-na.ssl-images-amazon.com/images/M/MV5BMjQ4MTY5NzU2M15BMl5BanBnXkFtZTgwNDc5NTgwMTI@._V1_.jpg,NwBC47L
293,EThompsonUMD,https://images-na.ssl-images-amazon.com/images/M/MV5BMjQ4MTY5NzU2M15BMl5BanBnXkFtZTgwNDc5NTgwMTI@._V1_.jpg,NfCVEs
294,nycritic,https://images-na.ssl-images-amazon.com/images/M/MV5BMjQ4MTY5NzU2M15BMl5BanBnXkFtZTgwNDc5NTgwMTI@._V1_.jpg,8uelOj1SY
295,Ben_Cheshire,https://m.media-amazon.com/images/M/MV5BMjA4OTYxNzgyMF5BMl5BanBnXkFtZTgwNTI4MjAwOTE@._V1_.jpg,EIZfK
296,TheSquiss,https://m.media-amazon.com/images/M/MV5BNDc0NTUwMjg4OV5BMl5BanBnXkFtZTcwMzU0NzU2OQ@@._V1_.jpg,5A88Kf
297,larry-411,https://images-na.ssl-images-amazon.com/images/M/MV5BMjQ4MTY5NzU2M15BMl5BanBnXkFtZTgwNDc5NTgwMTI@._V1_.jpg,rA7qsE6ZhH
298,FlashCallahan,https://m.media-amazon.com/images/M/MV5BMTQ3MTQ5NTM5N15BMl5BanBnXkFtZTcwNjQ3NDM2OQ@@._V1_.jpg,6A7tXWL7
299,slabihoud,https://m.media-amazon.com/images/M/MV5BODk2NjE5MjQtNDA0Mi00MTQ3LWJmZTgtOWUwNjg3YjBlOGRhXkEyXkFqcGdeQXVyMzc0ODk3Mg@@._V1_.jpg,ATeP7Qx
300,rmax304823,https://m.media-amazon.com/images/M/MV5BMzkxMjA0NTA0MF5BMl5BanBnXkFtZTgwOTUyNTkxMDE@._V1_.jpg,MBAYb
301,Boyo-2,https://images-na.ssl-images-amazon.com/images/M/MV5BMjQ4MTY5NzU2M15BMl5BanBnXkFtZTgwNDc5NTgwMTI@._V1_.jpg,POjGlio1
302,rbverhoef,https://m.media-amazon.com/images/M/MV5BMTA2MTg1NDk0MTZeQTJeQWpwZ15BbWU4MDUwMzM2MTEx._V1_.jpg,PtDxu
303,mucronate,https://images-na.ssl-images-amazon.com/images/M/MV5BMjQ4MTY5NzU2M15BMl5BanBnXkFtZTgwNDc5NTgwMTI@._V1_.jpg,7IxmiW92
304,alastair_m,https://images-na.ssl-images-amazon.com/images/M/MV5BMjQ4MTY5NzU2M15BMl5BanBnXkFtZTgwNDc5NTgwMTI@._V1_.jpg,pG2YaEBa
